"","student","occas","gpa","job","sex","highgpa","admitted","year","semester","occasion"
"1","1","year 1 semester 1",2.3,"2 hours","female",2.8,"yes",1,"1",0
"2","1","year 1 semester 2",2.1,"2 hours","female",2.8,"yes",1,"2",1
"3","1","year 2 semester 1",3,"2 hours","female",2.8,"yes",2,"1",2
"4","1","year 2 semester 2",3,"2 hours","female",2.8,"yes",2,"2",3
"5","1","year 3 semester 1",3,"2 hours","female",2.8,"yes",3,"1",4
"6","1","year 3 semester 2",3.3,"2 hours","female",2.8,"yes",3,"2",5
"7","2","year 1 semester 1",2.2,"2 hours","male",2.5,"no",1,"1",0
"8","2","year 1 semester 2",2.5,"3 hours","male",2.5,"no",1,"2",1
"9","2","year 2 semester 1",2.6,"2 hours","male",2.5,"no",2,"1",2
"10","2","year 2 semester 2",2.6,"2 hours","male",2.5,"no",2,"2",3
"11","2","year 3 semester 1",3,"2 hours","male",2.5,"no",3,"1",4
"12","2","year 3 semester 2",2.8,"2 hours","male",2.5,"no",3,"2",5
"13","3","year 1 semester 1",2.4,"2 hours","female",2.5,"yes",1,"1",0
"14","3","year 1 semester 2",2.9,"2 hours","female",2.5,"yes",1,"2",1
"15","3","year 2 semester 1",3,"2 hours","female",2.5,"yes",2,"1",2
"16","3","year 2 semester 2",2.8,"3 hours","female",2.5,"yes",2,"2",3
"17","3","year 3 semester 1",3.3,"2 hours","female",2.5,"yes",3,"1",4
"18","3","year 3 semester 2",3.4,"2 hours","female",2.5,"yes",3,"2",5
"19","4","year 1 semester 1",2.5,"3 hours","male",3.8,"no",1,"1",0
"20","4","year 1 semester 2",2.7,"2 hours","male",3.8,"no",1,"2",1
"21","4","year 2 semester 1",2.4,"2 hours","male",3.8,"no",2,"1",2
"22","4","year 2 semester 2",2.7,"2 hours","male",3.8,"no",2,"2",3
"23","4","year 3 semester 1",2.9,"2 hours","male",3.8,"no",3,"1",4
"24","4","year 3 semester 2",2.7,"2 hours","male",3.8,"no",3,"2",5
"25","5","year 1 semester 1",2.8,"2 hours","male",3.1,"yes",1,"1",0
"26","5","year 1 semester 2",2.8,"2 hours","male",3.1,"yes",1,"2",1
"27","5","year 2 semester 1",2.8,"2 hours","male",3.1,"yes",2,"1",2
"28","5","year 2 semester 2",3,"2 hours","male",3.1,"yes",2,"2",3
"29","5","year 3 semester 1",2.9,"2 hours","male",3.1,"yes",3,"1",4
"30","5","year 3 semester 2",3.1,"2 hours","male",3.1,"yes",3,"2",5
"31","6","year 1 semester 1",2.5,"2 hours","female",2.9,"no",1,"1",0
"32","6","year 1 semester 2",2.4,"3 hours","female",2.9,"no",1,"2",1
"33","6","year 2 semester 1",2.4,"3 hours","female",2.9,"no",2,"1",2
"34","6","year 2 semester 2",2.3,"2 hours","female",2.9,"no",2,"2",3
"35","6","year 3 semester 1",2.7,"3 hours","female",2.9,"no",3,"1",4
"36","6","year 3 semester 2",2.8,"3 hours","female",2.9,"no",3,"2",5
"37","7","year 1 semester 1",2.4,"3 hours","male",2.3,"yes",1,"1",0
"38","7","year 1 semester 2",2.4,"2 hours","male",2.3,"yes",1,"2",1
"39","7","year 2 semester 1",2.8,"3 hours","male",2.3,"yes",2,"1",2
"40","7","year 2 semester 2",2.6,"2 hours","male",2.3,"yes",2,"2",3
"41","7","year 3 semester 1",3,"2 hours","male",2.3,"yes",3,"1",4
"42","7","year 3 semester 2",3,"2 hours","male",2.3,"yes",3,"2",5
"43","8","year 1 semester 1",2.8,"2 hours","female",3.9,"yes",1,"1",0
"44","8","year 1 semester 2",2.8,"2 hours","female",3.9,"yes",1,"2",1
"45","8","year 2 semester 1",3.1,"2 hours","female",3.9,"yes",2,"1",2
"46","8","year 2 semester 2",3.3,"2 hours","female",3.9,"yes",2,"2",3
"47","8","year 3 semester 1",3.3,"2 hours","female",3.9,"yes",3,"1",4
"48","8","year 3 semester 2",3.4,"2 hours","female",3.9,"yes",3,"2",5
"49","9","year 1 semester 1",2.8,"2 hours","male",2,NA,1,"1",0
"50","9","year 1 semester 2",2.7,"2 hours","male",2,NA,1,"2",1
"51","9","year 2 semester 1",2.7,"3 hours","male",2,NA,2,"1",2
"52","9","year 2 semester 2",3.1,"2 hours","male",2,NA,2,"2",3
"53","9","year 3 semester 1",3.1,"2 hours","male",2,NA,3,"1",4
"54","9","year 3 semester 2",3.5,"2 hours","male",2,NA,3,"2",5
"55","10","year 1 semester 1",2.8,"2 hours","male",2.8,"yes",1,"1",0
"56","10","year 1 semester 2",2.8,"2 hours","male",2.8,"yes",1,"2",1
"57","10","year 2 semester 1",3,"2 hours","male",2.8,"yes",2,"1",2
"58","10","year 2 semester 2",2.7,"3 hours","male",2.8,"yes",2,"2",3
"59","10","year 3 semester 1",3,"2 hours","male",2.8,"yes",3,"1",4
"60","10","year 3 semester 2",3,"2 hours","male",2.8,"yes",3,"2",5
"61","11","year 1 semester 1",2.6,"2 hours","female",3.9,NA,1,"1",0
"62","11","year 1 semester 2",2.9,"3 hours","female",3.9,NA,1,"2",1
"63","11","year 2 semester 1",3.2,"2 hours","female",3.9,NA,2,"1",2
"64","11","year 2 semester 2",3.6,"2 hours","female",3.9,NA,2,"2",3
"65","11","year 3 semester 1",3.6,"2 hours","female",3.9,NA,3,"1",4
"66","11","year 3 semester 2",3.8,"2 hours","female",3.9,NA,3,"2",5
"67","12","year 1 semester 1",2.6,"3 hours","female",2.9,"yes",1,"1",0
"68","12","year 1 semester 2",3,"2 hours","female",2.9,"yes",1,"2",1
"69","12","year 2 semester 1",2.3,"2 hours","female",2.9,"yes",2,"1",2
"70","12","year 2 semester 2",2.9,"2 hours","female",2.9,"yes",2,"2",3
"71","12","year 3 semester 1",3.1,"2 hours","female",2.9,"yes",3,"1",4
"72","12","year 3 semester 2",3.3,"2 hours","female",2.9,"yes",3,"2",5
"73","13","year 1 semester 1",2.8,"2 hours","male",3.7,NA,1,"1",0
"74","13","year 1 semester 2",3.1,"2 hours","male",3.7,NA,1,"2",1
"75","13","year 2 semester 1",3.5,"2 hours","male",3.7,NA,2,"1",2
"76","13","year 2 semester 2",3.6,"2 hours","male",3.7,NA,2,"2",3
"77","13","year 3 semester 1",3.9,"2 hours","male",3.7,NA,3,"1",4
"78","13","year 3 semester 2",3.9,"2 hours","male",3.7,NA,3,"2",5
"79","14","year 1 semester 1",2.4,"2 hours","female",3.5,"yes",1,"1",0
"80","14","year 1 semester 2",3,"2 hours","female",3.5,"yes",1,"2",1
"81","14","year 2 semester 1",2.9,"2 hours","female",3.5,"yes",2,"1",2
"82","14","year 2 semester 2",3,"2 hours","female",3.5,"yes",2,"2",3
"83","14","year 3 semester 1",3.3,"2 hours","female",3.5,"yes",3,"1",4
"84","14","year 3 semester 2",3.4,"2 hours","female",3.5,"yes",3,"2",5
"85","15","year 1 semester 1",2.2,"2 hours","male",3.6,"no",1,"1",0
"86","15","year 1 semester 2",2.7,"2 hours","male",3.6,"no",1,"2",1
"87","15","year 2 semester 1",2.6,"3 hours","male",3.6,"no",2,"1",2
"88","15","year 2 semester 2",2.6,"3 hours","male",3.6,"no",2,"2",3
"89","15","year 3 semester 1",2.8,"3 hours","male",3.6,"no",3,"1",4
"90","15","year 3 semester 2",2.8,"2 hours","male",3.6,"no",3,"2",5
"91","16","year 1 semester 1",2.5,"2 hours","female",2.9,"no",1,"1",0
"92","16","year 1 semester 2",2.7,"2 hours","female",2.9,"no",1,"2",1
"93","16","year 2 semester 1",2.8,"2 hours","female",2.9,"no",2,"1",2
"94","16","year 2 semester 2",2.7,"2 hours","female",2.9,"no",2,"2",3
"95","16","year 3 semester 1",2.8,"2 hours","female",2.9,"no",3,"1",4
"96","16","year 3 semester 2",2.8,"2 hours","female",2.9,"no",3,"2",5
"97","17","year 1 semester 1",2.6,"2 hours","male",2.4,"yes",1,"1",0
"98","17","year 1 semester 2",2.2,"2 hours","male",2.4,"yes",1,"2",1
"99","17","year 2 semester 1",2.6,"2 hours","male",2.4,"yes",2,"1",2
"100","17","year 2 semester 2",2.5,"3 hours","male",2.4,"yes",2,"2",3
"101","17","year 3 semester 1",2.6,"3 hours","male",2.4,"yes",3,"1",4
"102","17","year 3 semester 2",2.8,"2 hours","male",2.4,"yes",3,"2",5
"103","18","year 1 semester 1",2.4,"3 hours","male",2.5,"no",1,"1",0
"104","18","year 1 semester 2",2.9,"2 hours","male",2.5,"no",1,"2",1
"105","18","year 2 semester 1",2,"2 hours","male",2.5,"no",2,"1",2
"106","18","year 2 semester 2",2.6,"2 hours","male",2.5,"no",2,"2",3
"107","18","year 3 semester 1",2.5,"2 hours","male",2.5,"no",3,"1",4
"108","18","year 3 semester 2",2.7,"3 hours","male",2.5,"no",3,"2",5
"109","19","year 1 semester 1",2.5,"2 hours","female",2.3,"no",1,"1",0
"110","19","year 1 semester 2",2.3,"2 hours","female",2.3,"no",1,"2",1
"111","19","year 2 semester 1",3,"2 hours","female",2.3,"no",2,"1",2
"112","19","year 2 semester 2",2.9,"3 hours","female",2.3,"no",2,"2",3
"113","19","year 3 semester 1",2.9,"2 hours","female",2.3,"no",3,"1",4
"114","19","year 3 semester 2",2.9,"3 hours","female",2.3,"no",3,"2",5
"115","20","year 1 semester 1",2.8,"2 hours","male",3.4,NA,1,"1",0
"116","20","year 1 semester 2",2.9,"2 hours","male",3.4,NA,1,"2",1
"117","20","year 2 semester 1",3.2,"2 hours","male",3.4,NA,2,"1",2
"118","20","year 2 semester 2",3.2,"2 hours","male",3.4,NA,2,"2",3
"119","20","year 3 semester 1",3.4,"2 hours","male",3.4,NA,3,"1",4
"120","20","year 3 semester 2",3.3,"2 hours","male",3.4,NA,3,"2",5
"121","21","year 1 semester 1",2.6,"2 hours","female",2.8,"no",1,"1",0
"122","21","year 1 semester 2",2.4,"2 hours","female",2.8,"no",1,"2",1
"123","21","year 2 semester 1",2.5,"2 hours","female",2.8,"no",2,"1",2
"124","21","year 2 semester 2",2.5,"2 hours","female",2.8,"no",2,"2",3
"125","21","year 3 semester 1",2.5,"2 hours","female",2.8,"no",3,"1",4
"126","21","year 3 semester 2",2.6,"2 hours","female",2.8,"no",3,"2",5
"127","22","year 1 semester 1",2.8,"2 hours","male",3.6,NA,1,"1",0
"128","22","year 1 semester 2",2.7,"2 hours","male",3.6,NA,1,"2",1
"129","22","year 2 semester 1",3.1,"2 hours","male",3.6,NA,2,"1",2
"130","22","year 2 semester 2",3.1,"2 hours","male",3.6,NA,2,"2",3
"131","22","year 3 semester 1",3,"2 hours","male",3.6,NA,3,"1",4
"132","22","year 3 semester 2",3.3,"1 hour","male",3.6,NA,3,"2",5
"133","23","year 1 semester 1",2.8,"2 hours","male",2.4,"yes",1,"1",0
"134","23","year 1 semester 2",3.2,"2 hours","male",2.4,"yes",1,"2",1
"135","23","year 2 semester 1",2.8,"2 hours","male",2.4,"yes",2,"1",2
"136","23","year 2 semester 2",3,"2 hours","male",2.4,"yes",2,"2",3
"137","23","year 3 semester 1",2.9,"3 hours","male",2.4,"yes",3,"1",4
"138","23","year 3 semester 2",3,"2 hours","male",2.4,"yes",3,"2",5
"139","24","year 1 semester 1",2.7,"2 hours","female",3.9,"no",1,"1",0
"140","24","year 1 semester 2",2.9,"3 hours","female",3.9,"no",1,"2",1
"141","24","year 2 semester 1",3,"2 hours","female",3.9,"no",2,"1",2
"142","24","year 2 semester 2",2.7,"2 hours","female",3.9,"no",2,"2",3
"143","24","year 3 semester 1",2.9,"3 hours","female",3.9,"no",3,"1",4
"144","24","year 3 semester 2",3,"2 hours","female",3.9,"no",3,"2",5
"145","25","year 1 semester 1",3.5,"2 hours","female",3.7,NA,1,"1",0
"146","25","year 1 semester 2",3.1,"2 hours","female",3.7,NA,1,"2",1
"147","25","year 2 semester 1",3,"2 hours","female",3.7,NA,2,"1",2
"148","25","year 2 semester 2",3.3,"2 hours","female",3.7,NA,2,"2",3
"149","25","year 3 semester 1",3.4,"2 hours","female",3.7,NA,3,"1",4
"150","25","year 3 semester 2",3.6,"2 hours","female",3.7,NA,3,"2",5
"151","26","year 1 semester 1",2.3,"2 hours","male",3,"no",1,"1",0
"152","26","year 1 semester 2",2.8,"2 hours","male",3,"no",1,"2",1
"153","26","year 2 semester 1",2.1,"2 hours","male",3,"no",2,"1",2
"154","26","year 2 semester 2",2.8,"2 hours","male",3,"no",2,"2",3
"155","26","year 3 semester 1",2.8,"3 hours","male",3,"no",3,"1",4
"156","26","year 3 semester 2",2.5,"2 hours","male",3,"no",3,"2",5
"157","27","year 1 semester 1",2.2,"2 hours","male",3.3,"no",1,"1",0
"158","27","year 1 semester 2",2.4,"2 hours","male",3.3,"no",1,"2",1
"159","27","year 2 semester 1",2.5,"2 hours","male",3.3,"no",2,"1",2
"160","27","year 2 semester 2",2.2,"3 hours","male",3.3,"no",2,"2",3
"161","27","year 3 semester 1",2.8,"3 hours","male",3.3,"no",3,"1",4
"162","27","year 3 semester 2",2.5,"3 hours","male",3.3,"no",3,"2",5
"163","28","year 1 semester 1",2.6,"2 hours","female",3.5,"yes",1,"1",0
"164","28","year 1 semester 2",3.1,"2 hours","female",3.5,"yes",1,"2",1
"165","28","year 2 semester 1",2.9,"2 hours","female",3.5,"yes",2,"1",2
"166","28","year 2 semester 2",3.1,"2 hours","female",3.5,"yes",2,"2",3
"167","28","year 3 semester 1",3.1,"1 hour","female",3.5,"yes",3,"1",4
"168","28","year 3 semester 2",3.2,"2 hours","female",3.5,"yes",3,"2",5
"169","29","year 1 semester 1",2.9,"2 hours","female",3.3,NA,1,"1",0
"170","29","year 1 semester 2",2.7,"2 hours","female",3.3,NA,1,"2",1
"171","29","year 2 semester 1",2.9,"2 hours","female",3.3,NA,2,"1",2
"172","29","year 2 semester 2",2.9,"3 hours","female",3.3,NA,2,"2",3
"173","29","year 3 semester 1",3.3,"2 hours","female",3.3,NA,3,"1",4
"174","29","year 3 semester 2",3.2,"2 hours","female",3.3,NA,3,"2",5
"175","30","year 1 semester 1",2.9,"2 hours","female",2.4,"yes",1,"1",0
"176","30","year 1 semester 2",3,"2 hours","female",2.4,"yes",1,"2",1
"177","30","year 2 semester 1",3.2,"1 hour","female",2.4,"yes",2,"1",2
"178","30","year 2 semester 2",3.1,"2 hours","female",2.4,"yes",2,"2",3
"179","30","year 3 semester 1",3.2,"1 hour","female",2.4,"yes",3,"1",4
"180","30","year 3 semester 2",3.3,"2 hours","female",2.4,"yes",3,"2",5
"181","31","year 1 semester 1",2.6,"2 hours","female",2,"no",1,"1",0
"182","31","year 1 semester 2",2.2,"2 hours","female",2,"no",1,"2",1
"183","31","year 2 semester 1",2.1,"3 hours","female",2,"no",2,"1",2
"184","31","year 2 semester 2",2.4,"3 hours","female",2,"no",2,"2",3
"185","31","year 3 semester 1",2.6,"3 hours","female",2,"no",3,"1",4
"186","31","year 3 semester 2",2.8,"2 hours","female",2,"no",3,"2",5
"187","32","year 1 semester 1",2.8,"2 hours","female",3.5,NA,1,"1",0
"188","32","year 1 semester 2",2.9,"2 hours","female",3.5,NA,1,"2",1
"189","32","year 2 semester 1",3,"2 hours","female",3.5,NA,2,"1",2
"190","32","year 2 semester 2",3.3,"2 hours","female",3.5,NA,2,"2",3
"191","32","year 3 semester 1",3.4,"2 hours","female",3.5,NA,3,"1",4
"192","32","year 3 semester 2",3.6,"2 hours","female",3.5,NA,3,"2",5
"193","33","year 1 semester 1",2.3,"2 hours","female",3.2,"no",1,"1",0
"194","33","year 1 semester 2",3,"2 hours","female",3.2,"no",1,"2",1
"195","33","year 2 semester 1",2.4,"2 hours","female",3.2,"no",2,"1",2
"196","33","year 2 semester 2",2.8,"2 hours","female",3.2,"no",2,"2",3
"197","33","year 3 semester 1",2.8,"3 hours","female",3.2,"no",3,"1",4
"198","33","year 3 semester 2",3,"2 hours","female",3.2,"no",3,"2",5
"199","34","year 1 semester 1",2.4,"2 hours","male",3.9,"no",1,"1",0
"200","34","year 1 semester 2",2.8,"2 hours","male",3.9,"no",1,"2",1
"201","34","year 2 semester 1",2.6,"2 hours","male",3.9,"no",2,"1",2
"202","34","year 2 semester 2",2.7,"2 hours","male",3.9,"no",2,"2",3
"203","34","year 3 semester 1",2.6,"2 hours","male",3.9,"no",3,"1",4
"204","34","year 3 semester 2",2.6,"2 hours","male",3.9,"no",3,"2",5
"205","35","year 1 semester 1",2.5,"2 hours","male",3.5,NA,1,"1",0
"206","35","year 1 semester 2",2.5,"2 hours","male",3.5,NA,1,"2",1
"207","35","year 2 semester 1",2.6,"2 hours","male",3.5,NA,2,"1",2
"208","35","year 2 semester 2",3.2,"2 hours","male",3.5,NA,2,"2",3
"209","35","year 3 semester 1",3.4,"2 hours","male",3.5,NA,3,"1",4
"210","35","year 3 semester 2",3.6,"2 hours","male",3.5,NA,3,"2",5
"211","36","year 1 semester 1",2.5,"2 hours","male",2.9,NA,1,"1",0
"212","36","year 1 semester 2",2.9,"2 hours","male",2.9,NA,1,"2",1
"213","36","year 2 semester 1",3,"2 hours","male",2.9,NA,2,"1",2
"214","36","year 2 semester 2",3.2,"2 hours","male",2.9,NA,2,"2",3
"215","36","year 3 semester 1",3,"2 hours","male",2.9,NA,3,"1",4
"216","36","year 3 semester 2",3.5,"1 hour","male",2.9,NA,3,"2",5
"217","37","year 1 semester 1",2.2,"3 hours","male",3,NA,1,"1",0
"218","37","year 1 semester 2",2.5,"2 hours","male",3,NA,1,"2",1
"219","37","year 2 semester 1",3.3,"2 hours","male",3,NA,2,"1",2
"220","37","year 2 semester 2",3.1,"2 hours","male",3,NA,2,"2",3
"221","37","year 3 semester 1",3.3,"2 hours","male",3,NA,3,"1",4
"222","37","year 3 semester 2",3.4,"2 hours","male",3,NA,3,"2",5
"223","38","year 1 semester 1",2.9,"2 hours","female",2.9,NA,1,"1",0
"224","38","year 1 semester 2",3.2,"2 hours","female",2.9,NA,1,"2",1
"225","38","year 2 semester 1",3.2,"2 hours","female",2.9,NA,2,"1",2
"226","38","year 2 semester 2",3.4,"2 hours","female",2.9,NA,2,"2",3
"227","38","year 3 semester 1",3.6,"2 hours","female",2.9,NA,3,"1",4
"228","38","year 3 semester 2",3.8,"2 hours","female",2.9,NA,3,"2",5
"229","39","year 1 semester 1",2.4,"2 hours","male",3.5,"no",1,"1",0
"230","39","year 1 semester 2",2.3,"2 hours","male",3.5,"no",1,"2",1
"231","39","year 2 semester 1",3,"2 hours","male",3.5,"no",2,"1",2
"232","39","year 2 semester 2",3.1,"2 hours","male",3.5,"no",2,"2",3
"233","39","year 3 semester 1",3.1,"2 hours","male",3.5,"no",3,"1",4
"234","39","year 3 semester 2",2.9,"3 hours","male",3.5,"no",3,"2",5
"235","40","year 1 semester 1",2.5,"2 hours","female",3.1,NA,1,"1",0
"236","40","year 1 semester 2",2.9,"2 hours","female",3.1,NA,1,"2",1
"237","40","year 2 semester 1",3.2,"2 hours","female",3.1,NA,2,"1",2
"238","40","year 2 semester 2",3.6,"2 hours","female",3.1,NA,2,"2",3
"239","40","year 3 semester 1",3.3,"2 hours","female",3.1,NA,3,"1",4
"240","40","year 3 semester 2",3.6,"2 hours","female",3.1,NA,3,"2",5
"241","41","year 1 semester 1",2.9,"2 hours","female",3.3,NA,1,"1",0
"242","41","year 1 semester 2",3.5,"2 hours","female",3.3,NA,1,"2",1
"243","41","year 2 semester 1",3.2,"1 hour","female",3.3,NA,2,"1",2
"244","41","year 2 semester 2",3.5,"2 hours","female",3.3,NA,2,"2",3
"245","41","year 3 semester 1",3.8,"1 hour","female",3.3,NA,3,"1",4
"246","41","year 3 semester 2",3.9,"1 hour","female",3.3,NA,3,"2",5
"247","42","year 1 semester 1",2.5,"2 hours","male",3.9,"no",1,"1",0
"248","42","year 1 semester 2",2.5,"2 hours","male",3.9,"no",1,"2",1
"249","42","year 2 semester 1",3.4,"1 hour","male",3.9,"no",2,"1",2
"250","42","year 2 semester 2",2.6,"2 hours","male",3.9,"no",2,"2",3
"251","42","year 3 semester 1",2.8,"2 hours","male",3.9,"no",3,"1",4
"252","42","year 3 semester 2",3,"2 hours","male",3.9,"no",3,"2",5
"253","43","year 1 semester 1",2,"2 hours","female",2.3,"yes",1,"1",0
"254","43","year 1 semester 2",2.5,"2 hours","female",2.3,"yes",1,"2",1
"255","43","year 2 semester 1",3.1,"2 hours","female",2.3,"yes",2,"1",2
"256","43","year 2 semester 2",3.3,"2 hours","female",2.3,"yes",2,"2",3
"257","43","year 3 semester 1",3.2,"2 hours","female",2.3,"yes",3,"1",4
"258","43","year 3 semester 2",3.6,"2 hours","female",2.3,"yes",3,"2",5
"259","44","year 1 semester 1",3.1,"2 hours","female",3.5,NA,1,"1",0
"260","44","year 1 semester 2",3,"2 hours","female",3.5,NA,1,"2",1
"261","44","year 2 semester 1",3.1,"2 hours","female",3.5,NA,2,"1",2
"262","44","year 2 semester 2",2.9,"2 hours","female",3.5,NA,2,"2",3
"263","44","year 3 semester 1",3.1,"2 hours","female",3.5,NA,3,"1",4
"264","44","year 3 semester 2",3.2,"2 hours","female",3.5,NA,3,"2",5
"265","45","year 1 semester 1",2.7,"2 hours","female",2.4,"no",1,"1",0
"266","45","year 1 semester 2",3.1,"2 hours","female",2.4,"no",1,"2",1
"267","45","year 2 semester 1",3,"2 hours","female",2.4,"no",2,"1",2
"268","45","year 2 semester 2",3.3,"2 hours","female",2.4,"no",2,"2",3
"269","45","year 3 semester 1",3.1,"2 hours","female",2.4,"no",3,"1",4
"270","45","year 3 semester 2",3.2,"2 hours","female",2.4,"no",3,"2",5
"271","46","year 1 semester 1",2.9,"2 hours","male",2.1,"no",1,"1",0
"272","46","year 1 semester 2",2.2,"2 hours","male",2.1,"no",1,"2",1
"273","46","year 2 semester 1",2.7,"2 hours","male",2.1,"no",2,"1",2
"274","46","year 2 semester 2",2.4,"3 hours","male",2.1,"no",2,"2",3
"275","46","year 3 semester 1",2.6,"2 hours","male",2.1,"no",3,"1",4
"276","46","year 3 semester 2",2.4,"2 hours","male",2.1,"no",3,"2",5
"277","47","year 1 semester 1",2.6,"2 hours","female",2.8,"yes",1,"1",0
"278","47","year 1 semester 2",2.5,"2 hours","female",2.8,"yes",1,"2",1
"279","47","year 2 semester 1",2.8,"2 hours","female",2.8,"yes",2,"1",2
"280","47","year 2 semester 2",2.2,"2 hours","female",2.8,"yes",2,"2",3
"281","47","year 3 semester 1",2.8,"3 hours","female",2.8,"yes",3,"1",4
"282","47","year 3 semester 2",2.7,"3 hours","female",2.8,"yes",3,"2",5
"283","48","year 1 semester 1",2.9,"2 hours","female",2.6,"no",1,"1",0
"284","48","year 1 semester 2",2.5,"2 hours","female",2.6,"no",1,"2",1
"285","48","year 2 semester 1",2.7,"3 hours","female",2.6,"no",2,"1",2
"286","48","year 2 semester 2",2.9,"2 hours","female",2.6,"no",2,"2",3
"287","48","year 3 semester 1",3,"2 hours","female",2.6,"no",3,"1",4
"288","48","year 3 semester 2",3.2,"2 hours","female",2.6,"no",3,"2",5
"289","49","year 1 semester 1",3.1,"2 hours","male",2.8,"yes",1,"1",0
"290","49","year 1 semester 2",2.7,"3 hours","male",2.8,"yes",1,"2",1
"291","49","year 2 semester 1",3,"2 hours","male",2.8,"yes",2,"1",2
"292","49","year 2 semester 2",2.7,"2 hours","male",2.8,"yes",2,"2",3
"293","49","year 3 semester 1",3,"2 hours","male",2.8,"yes",3,"1",4
"294","49","year 3 semester 2",3.4,"2 hours","male",2.8,"yes",3,"2",5
"295","50","year 1 semester 1",2.4,"2 hours","male",3.8,"yes",1,"1",0
"296","50","year 1 semester 2",2.7,"2 hours","male",3.8,"yes",1,"2",1
"297","50","year 2 semester 1",2.4,"2 hours","male",3.8,"yes",2,"1",2
"298","50","year 2 semester 2",3.2,"2 hours","male",3.8,"yes",2,"2",3
"299","50","year 3 semester 1",3,"2 hours","male",3.8,"yes",3,"1",4
"300","50","year 3 semester 2",3,"2 hours","male",3.8,"yes",3,"2",5
"301","51","year 1 semester 1",1.7,"3 hours","male",2.1,"no",1,"1",0
"302","51","year 1 semester 2",2.5,"2 hours","male",2.1,"no",1,"2",1
"303","51","year 2 semester 1",3.3,"2 hours","male",2.1,"no",2,"1",2
"304","51","year 2 semester 2",3.2,"2 hours","male",2.1,"no",2,"2",3
"305","51","year 3 semester 1",3,"2 hours","male",2.1,"no",3,"1",4
"306","51","year 3 semester 2",3.3,"1 hour","male",2.1,"no",3,"2",5
"307","52","year 1 semester 1",2.5,"2 hours","female",3.5,NA,1,"1",0
"308","52","year 1 semester 2",2.9,"2 hours","female",3.5,NA,1,"2",1
"309","52","year 2 semester 1",3,"2 hours","female",3.5,NA,2,"1",2
"310","52","year 2 semester 2",3.3,"2 hours","female",3.5,NA,2,"2",3
"311","52","year 3 semester 1",3.3,"2 hours","female",3.5,NA,3,"1",4
"312","52","year 3 semester 2",3.3,"2 hours","female",3.5,NA,3,"2",5
"313","53","year 1 semester 1",2.8,"2 hours","male",2.3,"yes",1,"1",0
"314","53","year 1 semester 2",3.4,"2 hours","male",2.3,"yes",1,"2",1
"315","53","year 2 semester 1",2.7,"2 hours","male",2.3,"yes",2,"1",2
"316","53","year 2 semester 2",3,"1 hour","male",2.3,"yes",2,"2",3
"317","53","year 3 semester 1",2.8,"2 hours","male",2.3,"yes",3,"1",4
"318","53","year 3 semester 2",3,"1 hour","male",2.3,"yes",3,"2",5
"319","54","year 1 semester 1",2.8,"2 hours","female",2.2,NA,1,"1",0
"320","54","year 1 semester 2",2.5,"2 hours","female",2.2,NA,1,"2",1
"321","54","year 2 semester 1",3.3,"2 hours","female",2.2,NA,2,"1",2
"322","54","year 2 semester 2",3.3,"2 hours","female",2.2,NA,2,"2",3
"323","54","year 3 semester 1",3.2,"2 hours","female",2.2,NA,3,"1",4
"324","54","year 3 semester 2",3.4,"2 hours","female",2.2,NA,3,"2",5
"325","55","year 1 semester 1",2.4,"2 hours","male",3.3,"yes",1,"1",0
"326","55","year 1 semester 2",2.8,"2 hours","male",3.3,"yes",1,"2",1
"327","55","year 2 semester 1",3.2,"2 hours","male",3.3,"yes",2,"1",2
"328","55","year 2 semester 2",3.2,"2 hours","male",3.3,"yes",2,"2",3
"329","55","year 3 semester 1",3.1,"2 hours","male",3.3,"yes",3,"1",4
"330","55","year 3 semester 2",3.5,"2 hours","male",3.3,"yes",3,"2",5
"331","56","year 1 semester 1",2.2,"2 hours","male",2.1,"yes",1,"1",0
"332","56","year 1 semester 2",2,"2 hours","male",2.1,"yes",1,"2",1
"333","56","year 2 semester 1",2.6,"2 hours","male",2.1,"yes",2,"1",2
"334","56","year 2 semester 2",2.6,"3 hours","male",2.1,"yes",2,"2",3
"335","56","year 3 semester 1",2.9,"2 hours","male",2.1,"yes",3,"1",4
"336","56","year 3 semester 2",3.1,"2 hours","male",2.1,"yes",3,"2",5
"337","57","year 1 semester 1",2.5,"2 hours","male",3.5,"yes",1,"1",0
"338","57","year 1 semester 2",2.9,"2 hours","male",3.5,"yes",1,"2",1
"339","57","year 2 semester 1",2.8,"3 hours","male",3.5,"yes",2,"1",2
"340","57","year 2 semester 2",2.8,"2 hours","male",3.5,"yes",2,"2",3
"341","57","year 3 semester 1",3.4,"2 hours","male",3.5,"yes",3,"1",4
"342","57","year 3 semester 2",3.3,"2 hours","male",3.5,"yes",3,"2",5
"343","58","year 1 semester 1",2.5,"2 hours","female",2.5,"no",1,"1",0
"344","58","year 1 semester 2",2.2,"2 hours","female",2.5,"no",1,"2",1
"345","58","year 2 semester 1",2.4,"3 hours","female",2.5,"no",2,"1",2
"346","58","year 2 semester 2",2.8,"3 hours","female",2.5,"no",2,"2",3
"347","58","year 3 semester 1",2.9,"2 hours","female",2.5,"no",3,"1",4
"348","58","year 3 semester 2",3.1,"2 hours","female",2.5,"no",3,"2",5
"349","59","year 1 semester 1",2.8,"2 hours","male",2.5,"yes",1,"1",0
"350","59","year 1 semester 2",2.8,"2 hours","male",2.5,"yes",1,"2",1
"351","59","year 2 semester 1",2.6,"3 hours","male",2.5,"yes",2,"1",2
"352","59","year 2 semester 2",3.1,"2 hours","male",2.5,"yes",2,"2",3
"353","59","year 3 semester 1",3,"2 hours","male",2.5,"yes",3,"1",4
"354","59","year 3 semester 2",3.3,"1 hour","male",2.5,"yes",3,"2",5
"355","60","year 1 semester 1",2,"2 hours","male",2.3,"no",1,"1",0
"356","60","year 1 semester 2",2.7,"3 hours","male",2.3,"no",1,"2",1
"357","60","year 2 semester 1",2.6,"2 hours","male",2.3,"no",2,"1",2
"358","60","year 2 semester 2",2.8,"2 hours","male",2.3,"no",2,"2",3
"359","60","year 3 semester 1",3.1,"2 hours","male",2.3,"no",3,"1",4
"360","60","year 3 semester 2",2.9,"2 hours","male",2.3,"no",3,"2",5
"361","61","year 1 semester 1",2.4,"3 hours","male",2.5,NA,1,"1",0
"362","61","year 1 semester 2",3.1,"2 hours","male",2.5,NA,1,"2",1
"363","61","year 2 semester 1",3.2,"2 hours","male",2.5,NA,2,"1",2
"364","61","year 2 semester 2",3.3,"1 hour","male",2.5,NA,2,"2",3
"365","61","year 3 semester 1",3.5,"1 hour","male",2.5,NA,3,"1",4
"366","61","year 3 semester 2",3.5,"1 hour","male",2.5,NA,3,"2",5
"367","62","year 1 semester 1",2.4,"2 hours","male",3,NA,1,"1",0
"368","62","year 1 semester 2",2.2,"2 hours","male",3,NA,1,"2",1
"369","62","year 2 semester 1",2.5,"2 hours","male",3,NA,2,"1",2
"370","62","year 2 semester 2",3,"2 hours","male",3,NA,2,"2",3
"371","62","year 3 semester 1",2.9,"2 hours","male",3,NA,3,"1",4
"372","62","year 3 semester 2",3.4,"1 hour","male",3,NA,3,"2",5
"373","63","year 1 semester 1",2.6,"2 hours","female",3.8,NA,1,"1",0
"374","63","year 1 semester 2",3.1,"2 hours","female",3.8,NA,1,"2",1
"375","63","year 2 semester 1",3.1,"2 hours","female",3.8,NA,2,"1",2
"376","63","year 2 semester 2",3.5,"2 hours","female",3.8,NA,2,"2",3
"377","63","year 3 semester 1",3.4,"2 hours","female",3.8,NA,3,"1",4
"378","63","year 3 semester 2",3.4,"1 hour","female",3.8,NA,3,"2",5
"379","64","year 1 semester 1",2.4,"2 hours","female",2.2,"yes",1,"1",0
"380","64","year 1 semester 2",2.9,"2 hours","female",2.2,"yes",1,"2",1
"381","64","year 2 semester 1",2.7,"2 hours","female",2.2,"yes",2,"1",2
"382","64","year 2 semester 2",3.3,"2 hours","female",2.2,"yes",2,"2",3
"383","64","year 3 semester 1",3.2,"2 hours","female",2.2,"yes",3,"1",4
"384","64","year 3 semester 2",3.4,"2 hours","female",2.2,"yes",3,"2",5
"385","65","year 1 semester 1",1.9,"3 hours","male",3.6,"no",1,"1",0
"386","65","year 1 semester 2",2.9,"2 hours","male",3.6,"no",1,"2",1
"387","65","year 2 semester 1",2.4,"2 hours","male",3.6,"no",2,"1",2
"388","65","year 2 semester 2",2.8,"2 hours","male",3.6,"no",2,"2",3
"389","65","year 3 semester 1",2.8,"2 hours","male",3.6,"no",3,"1",4
"390","65","year 3 semester 2",2.7,"2 hours","male",3.6,"no",3,"2",5
"391","66","year 1 semester 1",2.3,"3 hours","female",3.8,NA,1,"1",0
"392","66","year 1 semester 2",2.7,"2 hours","female",3.8,NA,1,"2",1
"393","66","year 2 semester 1",3.2,"2 hours","female",3.8,NA,2,"1",2
"394","66","year 2 semester 2",3.3,"2 hours","female",3.8,NA,2,"2",3
"395","66","year 3 semester 1",3.4,"2 hours","female",3.8,NA,3,"1",4
"396","66","year 3 semester 2",3.7,"2 hours","female",3.8,NA,3,"2",5
"397","67","year 1 semester 1",2.6,"2 hours","female",3.3,"no",1,"1",0
"398","67","year 1 semester 2",3,"2 hours","female",3.3,"no",1,"2",1
"399","67","year 2 semester 1",2.5,"2 hours","female",3.3,"no",2,"1",2
"400","67","year 2 semester 2",2.4,"2 hours","female",3.3,"no",2,"2",3
"401","67","year 3 semester 1",2.6,"2 hours","female",3.3,"no",3,"1",4
"402","67","year 3 semester 2",2.6,"2 hours","female",3.3,"no",3,"2",5
"403","68","year 1 semester 1",2.3,"3 hours","male",2.9,"yes",1,"1",0
"404","68","year 1 semester 2",2.1,"2 hours","male",2.9,"yes",1,"2",1
"405","68","year 2 semester 1",2.3,"3 hours","male",2.9,"yes",2,"1",2
"406","68","year 2 semester 2",2.8,"2 hours","male",2.9,"yes",2,"2",3
"407","68","year 3 semester 1",2.7,"3 hours","male",2.9,"yes",3,"1",4
"408","68","year 3 semester 2",3.1,"2 hours","male",2.9,"yes",3,"2",5
"409","69","year 1 semester 1",2.3,"2 hours","male",2.5,"no",1,"1",0
"410","69","year 1 semester 2",2.3,"2 hours","male",2.5,"no",1,"2",1
"411","69","year 2 semester 1",2.5,"3 hours","male",2.5,"no",2,"1",2
"412","69","year 2 semester 2",2.7,"2 hours","male",2.5,"no",2,"2",3
"413","69","year 3 semester 1",2.7,"3 hours","male",2.5,"no",3,"1",4
"414","69","year 3 semester 2",2.8,"2 hours","male",2.5,"no",3,"2",5
"415","70","year 1 semester 1",2.7,"2 hours","male",3.7,"yes",1,"1",0
"416","70","year 1 semester 2",2.4,"3 hours","male",3.7,"yes",1,"2",1
"417","70","year 2 semester 1",3,"2 hours","male",3.7,"yes",2,"1",2
"418","70","year 2 semester 2",3.2,"2 hours","male",3.7,"yes",2,"2",3
"419","70","year 3 semester 1",2.9,"2 hours","male",3.7,"yes",3,"1",4
"420","70","year 3 semester 2",3.1,"1 hour","male",3.7,"yes",3,"2",5
"421","71","year 1 semester 1",2.9,"2 hours","female",3.4,"yes",1,"1",0
"422","71","year 1 semester 2",2.8,"2 hours","female",3.4,"yes",1,"2",1
"423","71","year 2 semester 1",3,"2 hours","female",3.4,"yes",2,"1",2
"424","71","year 2 semester 2",2.8,"2 hours","female",3.4,"yes",2,"2",3
"425","71","year 3 semester 1",2.9,"2 hours","female",3.4,"yes",3,"1",4
"426","71","year 3 semester 2",2.8,"2 hours","female",3.4,"yes",3,"2",5
"427","72","year 1 semester 1",3,"2 hours","female",2.9,"yes",1,"1",0
"428","72","year 1 semester 2",3.1,"2 hours","female",2.9,"yes",1,"2",1
"429","72","year 2 semester 1",3.5,"2 hours","female",2.9,"yes",2,"1",2
"430","72","year 2 semester 2",3.2,"2 hours","female",2.9,"yes",2,"2",3
"431","72","year 3 semester 1",3.7,"2 hours","female",2.9,"yes",3,"1",4
"432","72","year 3 semester 2",3.7,"2 hours","female",2.9,"yes",3,"2",5
"433","73","year 1 semester 1",2.6,"2 hours","male",4,"no",1,"1",0
"434","73","year 1 semester 2",2.5,"2 hours","male",4,"no",1,"2",1
"435","73","year 2 semester 1",2.6,"2 hours","male",4,"no",2,"1",2
"436","73","year 2 semester 2",2.8,"2 hours","male",4,"no",2,"2",3
"437","73","year 3 semester 1",2.6,"2 hours","male",4,"no",3,"1",4
"438","73","year 3 semester 2",2.6,"2 hours","male",4,"no",3,"2",5
"439","74","year 1 semester 1",3.5,"2 hours","male",3.4,NA,1,"1",0
"440","74","year 1 semester 2",2.9,"3 hours","male",3.4,NA,1,"2",1
"441","74","year 2 semester 1",2.8,"3 hours","male",3.4,NA,2,"1",2
"442","74","year 2 semester 2",3.1,"2 hours","male",3.4,NA,2,"2",3
"443","74","year 3 semester 1",3.1,"2 hours","male",3.4,NA,3,"1",4
"444","74","year 3 semester 2",3.3,"2 hours","male",3.4,NA,3,"2",5
"445","75","year 1 semester 1",2.5,"2 hours","female",2,"no",1,"1",0
"446","75","year 1 semester 2",2.5,"2 hours","female",2,"no",1,"2",1
"447","75","year 2 semester 1",3.2,"2 hours","female",2,"no",2,"1",2
"448","75","year 2 semester 2",3,"2 hours","female",2,"no",2,"2",3
"449","75","year 3 semester 1",3.2,"2 hours","female",2,"no",3,"1",4
"450","75","year 3 semester 2",3,"2 hours","female",2,"no",3,"2",5
"451","76","year 1 semester 1",2.4,"2 hours","male",2.9,NA,1,"1",0
"452","76","year 1 semester 2",2.9,"2 hours","male",2.9,NA,1,"2",1
"453","76","year 2 semester 1",2.8,"2 hours","male",2.9,NA,2,"1",2
"454","76","year 2 semester 2",3.4,"1 hour","male",2.9,NA,2,"2",3
"455","76","year 3 semester 1",3.3,"1 hour","male",2.9,NA,3,"1",4
"456","76","year 3 semester 2",3.5,"1 hour","male",2.9,NA,3,"2",5
"457","77","year 1 semester 1",2.4,"2 hours","female",2.8,NA,1,"1",0
"458","77","year 1 semester 2",3.1,"2 hours","female",2.8,NA,1,"2",1
"459","77","year 2 semester 1",3.2,"2 hours","female",2.8,NA,2,"1",2
"460","77","year 2 semester 2",3.8,"2 hours","female",2.8,NA,2,"2",3
"461","77","year 3 semester 1",4,"1 hour","female",2.8,NA,3,"1",4
"462","77","year 3 semester 2",4,"1 hour","female",2.8,NA,3,"2",5
"463","78","year 1 semester 1",2.4,"3 hours","male",2.9,"no",1,"1",0
"464","78","year 1 semester 2",2.5,"2 hours","male",2.9,"no",1,"2",1
"465","78","year 2 semester 1",2.1,"2 hours","male",2.9,"no",2,"1",2
"466","78","year 2 semester 2",2.5,"2 hours","male",2.9,"no",2,"2",3
"467","78","year 3 semester 1",2.3,"2 hours","male",2.9,"no",3,"1",4
"468","78","year 3 semester 2",2.8,"2 hours","male",2.9,"no",3,"2",5
"469","79","year 1 semester 1",2.3,"2 hours","female",2.6,"no",1,"1",0
"470","79","year 1 semester 2",1.8,"3 hours","female",2.6,"no",1,"2",1
"471","79","year 2 semester 1",2.2,"3 hours","female",2.6,"no",2,"1",2
"472","79","year 2 semester 2",2.3,"3 hours","female",2.6,"no",2,"2",3
"473","79","year 3 semester 1",2.5,"2 hours","female",2.6,"no",3,"1",4
"474","79","year 3 semester 2",2.8,"2 hours","female",2.6,"no",3,"2",5
"475","80","year 1 semester 1",3.1,"2 hours","female",3.7,NA,1,"1",0
"476","80","year 1 semester 2",2.8,"3 hours","female",3.7,NA,1,"2",1
"477","80","year 2 semester 1",3,"2 hours","female",3.7,NA,2,"1",2
"478","80","year 2 semester 2",3.1,"2 hours","female",3.7,NA,2,"2",3
"479","80","year 3 semester 1",3.4,"2 hours","female",3.7,NA,3,"1",4
"480","80","year 3 semester 2",3.2,"2 hours","female",3.7,NA,3,"2",5
"481","81","year 1 semester 1",2.3,"2 hours","female",2.2,NA,1,"1",0
"482","81","year 1 semester 2",2.4,"3 hours","female",2.2,NA,1,"2",1
"483","81","year 2 semester 1",2.8,"2 hours","female",2.2,NA,2,"1",2
"484","81","year 2 semester 2",3.1,"2 hours","female",2.2,NA,2,"2",3
"485","81","year 3 semester 1",3.3,"2 hours","female",2.2,NA,3,"1",4
"486","81","year 3 semester 2",3.6,"2 hours","female",2.2,NA,3,"2",5
"487","82","year 1 semester 1",3.3,"2 hours","female",3.6,NA,1,"1",0
"488","82","year 1 semester 2",3.2,"2 hours","female",3.6,NA,1,"2",1
"489","82","year 2 semester 1",2.7,"2 hours","female",3.6,NA,2,"1",2
"490","82","year 2 semester 2",3.2,"2 hours","female",3.6,NA,2,"2",3
"491","82","year 3 semester 1",3.3,"2 hours","female",3.6,NA,3,"1",4
"492","82","year 3 semester 2",3.6,"2 hours","female",3.6,NA,3,"2",5
"493","83","year 1 semester 1",2.5,"2 hours","female",2.3,NA,1,"1",0
"494","83","year 1 semester 2",3.1,"2 hours","female",2.3,NA,1,"2",1
"495","83","year 2 semester 1",3.2,"1 hour","female",2.3,NA,2,"1",2
"496","83","year 2 semester 2",3.3,"2 hours","female",2.3,NA,2,"2",3
"497","83","year 3 semester 1",3.4,"2 hours","female",2.3,NA,3,"1",4
"498","83","year 3 semester 2",3.4,"1 hour","female",2.3,NA,3,"2",5
"499","84","year 1 semester 1",2.3,"2 hours","male",3.7,"no",1,"1",0
"500","84","year 1 semester 2",2.1,"3 hours","male",3.7,"no",1,"2",1
"501","84","year 2 semester 1",2.4,"3 hours","male",3.7,"no",2,"1",2
"502","84","year 2 semester 2",2.1,"2 hours","male",3.7,"no",2,"2",3
"503","84","year 3 semester 1",2.2,"3 hours","male",3.7,"no",3,"1",4
"504","84","year 3 semester 2",2.4,"3 hours","male",3.7,"no",3,"2",5
"505","85","year 1 semester 1",2.4,"3 hours","female",2.8,"no",1,"1",0
"506","85","year 1 semester 2",2.8,"2 hours","female",2.8,"no",1,"2",1
"507","85","year 2 semester 1",3.1,"2 hours","female",2.8,"no",2,"1",2
"508","85","year 2 semester 2",3.3,"2 hours","female",2.8,"no",2,"2",3
"509","85","year 3 semester 1",3.1,"2 hours","female",2.8,"no",3,"1",4
"510","85","year 3 semester 2",3.3,"2 hours","female",2.8,"no",3,"2",5
"511","86","year 1 semester 1",2.7,"2 hours","male",2.5,"yes",1,"1",0
"512","86","year 1 semester 2",2.5,"2 hours","male",2.5,"yes",1,"2",1
"513","86","year 2 semester 1",3,"2 hours","male",2.5,"yes",2,"1",2
"514","86","year 2 semester 2",2.5,"2 hours","male",2.5,"yes",2,"2",3
"515","86","year 3 semester 1",2.6,"2 hours","male",2.5,"yes",3,"1",4
"516","86","year 3 semester 2",2.6,"2 hours","male",2.5,"yes",3,"2",5
"517","87","year 1 semester 1",2.3,"2 hours","female",2.1,"yes",1,"1",0
"518","87","year 1 semester 2",2.7,"2 hours","female",2.1,"yes",1,"2",1
"519","87","year 2 semester 1",2.7,"2 hours","female",2.1,"yes",2,"1",2
"520","87","year 2 semester 2",3.2,"2 hours","female",2.1,"yes",2,"2",3
"521","87","year 3 semester 1",3.1,"2 hours","female",2.1,"yes",3,"1",4
"522","87","year 3 semester 2",3.2,"2 hours","female",2.1,"yes",3,"2",5
"523","88","year 1 semester 1",2.7,"2 hours","male",2.2,"yes",1,"1",0
"524","88","year 1 semester 2",2.8,"2 hours","male",2.2,"yes",1,"2",1
"525","88","year 2 semester 1",2.5,"3 hours","male",2.2,"yes",2,"1",2
"526","88","year 2 semester 2",2.7,"2 hours","male",2.2,"yes",2,"2",3
"527","88","year 3 semester 1",3.1,"2 hours","male",2.2,"yes",3,"1",4
"528","88","year 3 semester 2",3,"2 hours","male",2.2,"yes",3,"2",5
"529","89","year 1 semester 1",2.6,"2 hours","male",3.7,NA,1,"1",0
"530","89","year 1 semester 2",2.8,"2 hours","male",3.7,NA,1,"2",1
"531","89","year 2 semester 1",3.2,"2 hours","male",3.7,NA,2,"1",2
"532","89","year 2 semester 2",3,"2 hours","male",3.7,NA,2,"2",3
"533","89","year 3 semester 1",3.1,"2 hours","male",3.7,NA,3,"1",4
"534","89","year 3 semester 2",3.5,"2 hours","male",3.7,NA,3,"2",5
"535","90","year 1 semester 1",2.4,"2 hours","female",2.6,"no",1,"1",0
"536","90","year 1 semester 2",2.5,"2 hours","female",2.6,"no",1,"2",1
"537","90","year 2 semester 1",2.7,"2 hours","female",2.6,"no",2,"1",2
"538","90","year 2 semester 2",3,"2 hours","female",2.6,"no",2,"2",3
"539","90","year 3 semester 1",3,"2 hours","female",2.6,"no",3,"1",4
"540","90","year 3 semester 2",3.2,"2 hours","female",2.6,"no",3,"2",5
"541","91","year 1 semester 1",2,"2 hours","male",3.6,"no",1,"1",0
"542","91","year 1 semester 2",2.5,"2 hours","male",3.6,"no",1,"2",1
"543","91","year 2 semester 1",2.3,"2 hours","male",3.6,"no",2,"1",2
"544","91","year 2 semester 2",2.5,"2 hours","male",3.6,"no",2,"2",3
"545","91","year 3 semester 1",2.8,"2 hours","male",3.6,"no",3,"1",4
"546","91","year 3 semester 2",2.9,"3 hours","male",3.6,"no",3,"2",5
"547","92","year 1 semester 1",2.7,"2 hours","female",2.7,NA,1,"1",0
"548","92","year 1 semester 2",3.2,"2 hours","female",2.7,NA,1,"2",1
"549","92","year 2 semester 1",3.8,"2 hours","female",2.7,NA,2,"1",2
"550","92","year 2 semester 2",4,"1 hour","female",2.7,NA,2,"2",3
"551","92","year 3 semester 1",4,"1 hour","female",2.7,NA,3,"1",4
"552","92","year 3 semester 2",4,"1 hour","female",2.7,NA,3,"2",5
"553","93","year 1 semester 1",2.9,"2 hours","male",3.5,NA,1,"1",0
"554","93","year 1 semester 2",3.5,"2 hours","male",3.5,NA,1,"2",1
"555","93","year 2 semester 1",3.2,"2 hours","male",3.5,NA,2,"1",2
"556","93","year 2 semester 2",3.3,"2 hours","male",3.5,NA,2,"2",3
"557","93","year 3 semester 1",3.4,"2 hours","male",3.5,NA,3,"1",4
"558","93","year 3 semester 2",3.4,"2 hours","male",3.5,NA,3,"2",5
"559","94","year 1 semester 1",2.7,"2 hours","female",3.7,"yes",1,"1",0
"560","94","year 1 semester 2",2.9,"3 hours","female",3.7,"yes",1,"2",1
"561","94","year 2 semester 1",3,"2 hours","female",3.7,"yes",2,"1",2
"562","94","year 2 semester 2",2.7,"3 hours","female",3.7,"yes",2,"2",3
"563","94","year 3 semester 1",2.7,"2 hours","female",3.7,"yes",3,"1",4
"564","94","year 3 semester 2",2.8,"2 hours","female",3.7,"yes",3,"2",5
"565","95","year 1 semester 1",2.5,"2 hours","female",3.4,"no",1,"1",0
"566","95","year 1 semester 2",2.5,"2 hours","female",3.4,"no",1,"2",1
"567","95","year 2 semester 1",2.9,"2 hours","female",3.4,"no",2,"1",2
"568","95","year 2 semester 2",2.8,"2 hours","female",3.4,"no",2,"2",3
"569","95","year 3 semester 1",2.7,"2 hours","female",3.4,"no",3,"1",4
"570","95","year 3 semester 2",2.9,"2 hours","female",3.4,"no",3,"2",5
"571","96","year 1 semester 1",2.4,"2 hours","female",2.3,NA,1,"1",0
"572","96","year 1 semester 2",2.5,"2 hours","female",2.3,NA,1,"2",1
"573","96","year 2 semester 1",2.8,"3 hours","female",2.3,NA,2,"1",2
"574","96","year 2 semester 2",3.3,"2 hours","female",2.3,NA,2,"2",3
"575","96","year 3 semester 1",3.4,"2 hours","female",2.3,NA,3,"1",4
"576","96","year 3 semester 2",3.8,"2 hours","female",2.3,NA,3,"2",5
"577","97","year 1 semester 1",2.3,"3 hours","male",2.6,"no",1,"1",0
"578","97","year 1 semester 2",2.5,"3 hours","male",2.6,"no",1,"2",1
"579","97","year 2 semester 1",3,"2 hours","male",2.6,"no",2,"1",2
"580","97","year 2 semester 2",3.2,"2 hours","male",2.6,"no",2,"2",3
"581","97","year 3 semester 1",2.9,"2 hours","male",2.6,"no",3,"1",4
"582","97","year 3 semester 2",2.9,"2 hours","male",2.6,"no",3,"2",5
"583","98","year 1 semester 1",3.3,"2 hours","female",3.4,NA,1,"1",0
"584","98","year 1 semester 2",2.4,"2 hours","female",3.4,NA,1,"2",1
"585","98","year 2 semester 1",3.2,"2 hours","female",3.4,NA,2,"1",2
"586","98","year 2 semester 2",3.2,"2 hours","female",3.4,NA,2,"2",3
"587","98","year 3 semester 1",3.1,"2 hours","female",3.4,NA,3,"1",4
"588","98","year 3 semester 2",3.3,"2 hours","female",3.4,NA,3,"2",5
"589","99","year 1 semester 1",2.2,"2 hours","female",2.9,"yes",1,"1",0
"590","99","year 1 semester 2",2.7,"2 hours","female",2.9,"yes",1,"2",1
"591","99","year 2 semester 1",2.7,"3 hours","female",2.9,"yes",2,"1",2
"592","99","year 2 semester 2",2.8,"3 hours","female",2.9,"yes",2,"2",3
"593","99","year 3 semester 1",2.8,"3 hours","female",2.9,"yes",3,"1",4
"594","99","year 3 semester 2",2.8,"2 hours","female",2.9,"yes",3,"2",5
"595","100","year 1 semester 1",2.7,"3 hours","male",2.8,"no",1,"1",0
"596","100","year 1 semester 2",2,"2 hours","male",2.8,"no",1,"2",1
"597","100","year 2 semester 1",2,"3 hours","male",2.8,"no",2,"1",2
"598","100","year 2 semester 2",2.3,"3 hours","male",2.8,"no",2,"2",3
"599","100","year 3 semester 1",2.4,"3 hours","male",2.8,"no",3,"1",4
"600","100","year 3 semester 2",2.7,"3 hours","male",2.8,"no",3,"2",5
"601","101","year 1 semester 1",2.8,"2 hours","female",3.4,NA,1,"1",0
"602","101","year 1 semester 2",2.7,"2 hours","female",3.4,NA,1,"2",1
"603","101","year 2 semester 1",3.1,"2 hours","female",3.4,NA,2,"1",2
"604","101","year 2 semester 2",3.6,"2 hours","female",3.4,NA,2,"2",3
"605","101","year 3 semester 1",3.6,"2 hours","female",3.4,NA,3,"1",4
"606","101","year 3 semester 2",3.7,"1 hour","female",3.4,NA,3,"2",5
"607","102","year 1 semester 1",3.1,"2 hours","male",3.5,"yes",1,"1",0
"608","102","year 1 semester 2",2.9,"2 hours","male",3.5,"yes",1,"2",1
"609","102","year 2 semester 1",2.7,"2 hours","male",3.5,"yes",2,"1",2
"610","102","year 2 semester 2",2.6,"3 hours","male",3.5,"yes",2,"2",3
"611","102","year 3 semester 1",2.9,"2 hours","male",3.5,"yes",3,"1",4
"612","102","year 3 semester 2",2.7,"2 hours","male",3.5,"yes",3,"2",5
"613","103","year 1 semester 1",2.2,"2 hours","female",2.3,"yes",1,"1",0
"614","103","year 1 semester 2",2.4,"2 hours","female",2.3,"yes",1,"2",1
"615","103","year 2 semester 1",2.8,"3 hours","female",2.3,"yes",2,"1",2
"616","103","year 2 semester 2",2.8,"2 hours","female",2.3,"yes",2,"2",3
"617","103","year 3 semester 1",3.1,"2 hours","female",2.3,"yes",3,"1",4
"618","103","year 3 semester 2",2.9,"3 hours","female",2.3,"yes",3,"2",5
"619","104","year 1 semester 1",2.3,"2 hours","female",3.5,"yes",1,"1",0
"620","104","year 1 semester 2",2.8,"2 hours","female",3.5,"yes",1,"2",1
"621","104","year 2 semester 1",2.9,"2 hours","female",3.5,"yes",2,"1",2
"622","104","year 2 semester 2",3,"2 hours","female",3.5,"yes",2,"2",3
"623","104","year 3 semester 1",3.4,"2 hours","female",3.5,"yes",3,"1",4
"624","104","year 3 semester 2",3.4,"2 hours","female",3.5,"yes",3,"2",5
"625","105","year 1 semester 1",3.4,"2 hours","female",3.6,NA,1,"1",0
"626","105","year 1 semester 2",3.9,"2 hours","female",3.6,NA,1,"2",1
"627","105","year 2 semester 1",3.9,"2 hours","female",3.6,NA,2,"1",2
"628","105","year 2 semester 2",3.5,"2 hours","female",3.6,NA,2,"2",3
"629","105","year 3 semester 1",3.9,"2 hours","female",3.6,NA,3,"1",4
"630","105","year 3 semester 2",3.9,"2 hours","female",3.6,NA,3,"2",5
"631","106","year 1 semester 1",1.8,"3 hours","male",2.6,"no",1,"1",0
"632","106","year 1 semester 2",2.8,"2 hours","male",2.6,"no",1,"2",1
"633","106","year 2 semester 1",2.6,"2 hours","male",2.6,"no",2,"1",2
"634","106","year 2 semester 2",2.3,"2 hours","male",2.6,"no",2,"2",3
"635","106","year 3 semester 1",2.5,"2 hours","male",2.6,"no",3,"1",4
"636","106","year 3 semester 2",2.7,"2 hours","male",2.6,"no",3,"2",5
"637","107","year 1 semester 1",2.4,"2 hours","male",3.2,"no",1,"1",0
"638","107","year 1 semester 2",2.5,"2 hours","male",3.2,"no",1,"2",1
"639","107","year 2 semester 1",2.3,"2 hours","male",3.2,"no",2,"1",2
"640","107","year 2 semester 2",2.3,"2 hours","male",3.2,"no",2,"2",3
"641","107","year 3 semester 1",2.6,"2 hours","male",3.2,"no",3,"1",4
"642","107","year 3 semester 2",2.7,"2 hours","male",3.2,"no",3,"2",5
"643","108","year 1 semester 1",2.7,"2 hours","male",2.3,"no",1,"1",0
"644","108","year 1 semester 2",2,"2 hours","male",2.3,"no",1,"2",1
"645","108","year 2 semester 1",2,"3 hours","male",2.3,"no",2,"1",2
"646","108","year 2 semester 2",2.6,"2 hours","male",2.3,"no",2,"2",3
"647","108","year 3 semester 1",2.5,"2 hours","male",2.3,"no",3,"1",4
"648","108","year 3 semester 2",2.7,"2 hours","male",2.3,"no",3,"2",5
"649","109","year 1 semester 1",2.7,"2 hours","male",3.2,"yes",1,"1",0
"650","109","year 1 semester 2",2.7,"2 hours","male",3.2,"yes",1,"2",1
"651","109","year 2 semester 1",2.7,"2 hours","male",3.2,"yes",2,"1",2
"652","109","year 2 semester 2",3.1,"2 hours","male",3.2,"yes",2,"2",3
"653","109","year 3 semester 1",2.8,"2 hours","male",3.2,"yes",3,"1",4
"654","109","year 3 semester 2",2.7,"2 hours","male",3.2,"yes",3,"2",5
"655","110","year 1 semester 1",2.5,"2 hours","male",2.4,"no",1,"1",0
"656","110","year 1 semester 2",2.3,"2 hours","male",2.4,"no",1,"2",1
"657","110","year 2 semester 1",2.2,"2 hours","male",2.4,"no",2,"1",2
"658","110","year 2 semester 2",2.2,"3 hours","male",2.4,"no",2,"2",3
"659","110","year 3 semester 1",2.2,"2 hours","male",2.4,"no",3,"1",4
"660","110","year 3 semester 2",2.3,"2 hours","male",2.4,"no",3,"2",5
"661","111","year 1 semester 1",2.4,"2 hours","female",2.2,"no",1,"1",0
"662","111","year 1 semester 2",2.5,"2 hours","female",2.2,"no",1,"2",1
"663","111","year 2 semester 1",2.2,"2 hours","female",2.2,"no",2,"1",2
"664","111","year 2 semester 2",2.4,"2 hours","female",2.2,"no",2,"2",3
"665","111","year 3 semester 1",2.2,"3 hours","female",2.2,"no",3,"1",4
"666","111","year 3 semester 2",2.5,"2 hours","female",2.2,"no",3,"2",5
"667","112","year 1 semester 1",3,"2 hours","female",2.5,NA,1,"1",0
"668","112","year 1 semester 2",3.5,"2 hours","female",2.5,NA,1,"2",1
"669","112","year 2 semester 1",3.2,"2 hours","female",2.5,NA,2,"1",2
"670","112","year 2 semester 2",2.9,"2 hours","female",2.5,NA,2,"2",3
"671","112","year 3 semester 1",3,"2 hours","female",2.5,NA,3,"1",4
"672","112","year 3 semester 2",3.1,"2 hours","female",2.5,NA,3,"2",5
"673","113","year 1 semester 1",2.7,"2 hours","male",3.7,"yes",1,"1",0
"674","113","year 1 semester 2",2.4,"2 hours","male",3.7,"yes",1,"2",1
"675","113","year 2 semester 1",3,"2 hours","male",3.7,"yes",2,"1",2
"676","113","year 2 semester 2",2.5,"3 hours","male",3.7,"yes",2,"2",3
"677","113","year 3 semester 1",2.6,"3 hours","male",3.7,"yes",3,"1",4
"678","113","year 3 semester 2",2.8,"3 hours","male",3.7,"yes",3,"2",5
"679","114","year 1 semester 1",2.8,"2 hours","female",4,"yes",1,"1",0
"680","114","year 1 semester 2",2.3,"2 hours","female",4,"yes",1,"2",1
"681","114","year 2 semester 1",2.8,"2 hours","female",4,"yes",2,"1",2
"682","114","year 2 semester 2",2.9,"2 hours","female",4,"yes",2,"2",3
"683","114","year 3 semester 1",3,"2 hours","female",4,"yes",3,"1",4
"684","114","year 3 semester 2",3.1,"2 hours","female",4,"yes",3,"2",5
"685","115","year 1 semester 1",2.2,"2 hours","female",3.6,"yes",1,"1",0
"686","115","year 1 semester 2",2.1,"3 hours","female",3.6,"yes",1,"2",1
"687","115","year 2 semester 1",3.1,"2 hours","female",3.6,"yes",2,"1",2
"688","115","year 2 semester 2",3,"2 hours","female",3.6,"yes",2,"2",3
"689","115","year 3 semester 1",3,"2 hours","female",3.6,"yes",3,"1",4
"690","115","year 3 semester 2",3.2,"2 hours","female",3.6,"yes",3,"2",5
"691","116","year 1 semester 1",2.5,"2 hours","female",2.2,"no",1,"1",0
"692","116","year 1 semester 2",2.3,"2 hours","female",2.2,"no",1,"2",1
"693","116","year 2 semester 1",2.8,"2 hours","female",2.2,"no",2,"1",2
"694","116","year 2 semester 2",2.7,"3 hours","female",2.2,"no",2,"2",3
"695","116","year 3 semester 1",2.9,"3 hours","female",2.2,"no",3,"1",4
"696","116","year 3 semester 2",3.1,"2 hours","female",2.2,"no",3,"2",5
"697","117","year 1 semester 1",2.8,"2 hours","female",2.3,"no",1,"1",0
"698","117","year 1 semester 2",2.1,"2 hours","female",2.3,"no",1,"2",1
"699","117","year 2 semester 1",3,"2 hours","female",2.3,"no",2,"1",2
"700","117","year 2 semester 2",3.1,"2 hours","female",2.3,"no",2,"2",3
"701","117","year 3 semester 1",3,"2 hours","female",2.3,"no",3,"1",4
"702","117","year 3 semester 2",3.1,"2 hours","female",2.3,"no",3,"2",5
"703","118","year 1 semester 1",2.5,"2 hours","female",2.2,NA,1,"1",0
"704","118","year 1 semester 2",2.4,"2 hours","female",2.2,NA,1,"2",1
"705","118","year 2 semester 1",3,"2 hours","female",2.2,NA,2,"1",2
"706","118","year 2 semester 2",3.3,"2 hours","female",2.2,NA,2,"2",3
"707","118","year 3 semester 1",3.3,"1 hour","female",2.2,NA,3,"1",4
"708","118","year 3 semester 2",3.6,"2 hours","female",2.2,NA,3,"2",5
"709","119","year 1 semester 1",2.4,"3 hours","male",2.4,"no",1,"1",0
"710","119","year 1 semester 2",2.5,"2 hours","male",2.4,"no",1,"2",1
"711","119","year 2 semester 1",2.6,"2 hours","male",2.4,"no",2,"1",2
"712","119","year 2 semester 2",2.5,"2 hours","male",2.4,"no",2,"2",3
"713","119","year 3 semester 1",2.8,"3 hours","male",2.4,"no",3,"1",4
"714","119","year 3 semester 2",2.9,"3 hours","male",2.4,"no",3,"2",5
"715","120","year 1 semester 1",2.5,"2 hours","male",3.9,"yes",1,"1",0
"716","120","year 1 semester 2",3.2,"2 hours","male",3.9,"yes",1,"2",1
"717","120","year 2 semester 1",3.2,"2 hours","male",3.9,"yes",2,"1",2
"718","120","year 2 semester 2",2.8,"2 hours","male",3.9,"yes",2,"2",3
"719","120","year 3 semester 1",3,"2 hours","male",3.9,"yes",3,"1",4
"720","120","year 3 semester 2",3.3,"2 hours","male",3.9,"yes",3,"2",5
"721","121","year 1 semester 1",2.9,"2 hours","male",3.7,"yes",1,"1",0
"722","121","year 1 semester 2",2.7,"2 hours","male",3.7,"yes",1,"2",1
"723","121","year 2 semester 1",2.6,"2 hours","male",3.7,"yes",2,"1",2
"724","121","year 2 semester 2",3,"2 hours","male",3.7,"yes",2,"2",3
"725","121","year 3 semester 1",3.3,"2 hours","male",3.7,"yes",3,"1",4
"726","121","year 3 semester 2",3.3,"2 hours","male",3.7,"yes",3,"2",5
"727","122","year 1 semester 1",3,"2 hours","female",2.5,NA,1,"1",0
"728","122","year 1 semester 2",3.3,"2 hours","female",2.5,NA,1,"2",1
"729","122","year 2 semester 1",2.9,"3 hours","female",2.5,NA,2,"1",2
"730","122","year 2 semester 2",3,"2 hours","female",2.5,NA,2,"2",3
"731","122","year 3 semester 1",3.1,"2 hours","female",2.5,NA,3,"1",4
"732","122","year 3 semester 2",3.6,"2 hours","female",2.5,NA,3,"2",5
"733","123","year 1 semester 1",2.9,"2 hours","male",2.8,"yes",1,"1",0
"734","123","year 1 semester 2",2.3,"2 hours","male",2.8,"yes",1,"2",1
"735","123","year 2 semester 1",2.3,"3 hours","male",2.8,"yes",2,"1",2
"736","123","year 2 semester 2",2.4,"2 hours","male",2.8,"yes",2,"2",3
"737","123","year 3 semester 1",2.2,"2 hours","male",2.8,"yes",3,"1",4
"738","123","year 3 semester 2",2.5,"2 hours","male",2.8,"yes",3,"2",5
"739","124","year 1 semester 1",2.5,"2 hours","female",3.6,"yes",1,"1",0
"740","124","year 1 semester 2",3.1,"2 hours","female",3.6,"yes",1,"2",1
"741","124","year 2 semester 1",2.5,"2 hours","female",3.6,"yes",2,"1",2
"742","124","year 2 semester 2",3.3,"2 hours","female",3.6,"yes",2,"2",3
"743","124","year 3 semester 1",3,"2 hours","female",3.6,"yes",3,"1",4
"744","124","year 3 semester 2",3.4,"2 hours","female",3.6,"yes",3,"2",5
"745","125","year 1 semester 1",2.8,"2 hours","male",3.8,"no",1,"1",0
"746","125","year 1 semester 2",2.3,"3 hours","male",3.8,"no",1,"2",1
"747","125","year 2 semester 1",2.7,"3 hours","male",3.8,"no",2,"1",2
"748","125","year 2 semester 2",2.4,"2 hours","male",3.8,"no",2,"2",3
"749","125","year 3 semester 1",2.6,"3 hours","male",3.8,"no",3,"1",4
"750","125","year 3 semester 2",3,"2 hours","male",3.8,"no",3,"2",5
"751","126","year 1 semester 1",2.5,"2 hours","female",3.1,"yes",1,"1",0
"752","126","year 1 semester 2",2.7,"2 hours","female",3.1,"yes",1,"2",1
"753","126","year 2 semester 1",2.1,"2 hours","female",3.1,"yes",2,"1",2
"754","126","year 2 semester 2",3.1,"2 hours","female",3.1,"yes",2,"2",3
"755","126","year 3 semester 1",3,"2 hours","female",3.1,"yes",3,"1",4
"756","126","year 3 semester 2",3,"2 hours","female",3.1,"yes",3,"2",5
"757","127","year 1 semester 1",2.7,"3 hours","male",2.5,"no",1,"1",0
"758","127","year 1 semester 2",2.3,"3 hours","male",2.5,"no",1,"2",1
"759","127","year 2 semester 1",2.4,"2 hours","male",2.5,"no",2,"1",2
"760","127","year 2 semester 2",2.6,"2 hours","male",2.5,"no",2,"2",3
"761","127","year 3 semester 1",2.3,"3 hours","male",2.5,"no",3,"1",4
"762","127","year 3 semester 2",2.5,"3 hours","male",2.5,"no",3,"2",5
"763","128","year 1 semester 1",3,"2 hours","female",3.8,"yes",1,"1",0
"764","128","year 1 semester 2",2.7,"3 hours","female",3.8,"yes",1,"2",1
"765","128","year 2 semester 1",2.3,"2 hours","female",3.8,"yes",2,"1",2
"766","128","year 2 semester 2",2.7,"3 hours","female",3.8,"yes",2,"2",3
"767","128","year 3 semester 1",2.9,"2 hours","female",3.8,"yes",3,"1",4
"768","128","year 3 semester 2",3.1,"2 hours","female",3.8,"yes",3,"2",5
"769","129","year 1 semester 1",2.7,"2 hours","female",3.4,"yes",1,"1",0
"770","129","year 1 semester 2",2.8,"3 hours","female",3.4,"yes",1,"2",1
"771","129","year 2 semester 1",2.7,"2 hours","female",3.4,"yes",2,"1",2
"772","129","year 2 semester 2",2.7,"2 hours","female",3.4,"yes",2,"2",3
"773","129","year 3 semester 1",2.9,"2 hours","female",3.4,"yes",3,"1",4
"774","129","year 3 semester 2",2.9,"3 hours","female",3.4,"yes",3,"2",5
"775","130","year 1 semester 1",2.4,"2 hours","male",2.9,NA,1,"1",0
"776","130","year 1 semester 2",2.9,"2 hours","male",2.9,NA,1,"2",1
"777","130","year 2 semester 1",3.6,"2 hours","male",2.9,NA,2,"1",2
"778","130","year 2 semester 2",3.1,"2 hours","male",2.9,NA,2,"2",3
"779","130","year 3 semester 1",3,"1 hour","male",2.9,NA,3,"1",4
"780","130","year 3 semester 2",3.1,"2 hours","male",2.9,NA,3,"2",5
"781","131","year 1 semester 1",2.8,"2 hours","female",2.2,NA,1,"1",0
"782","131","year 1 semester 2",3.1,"2 hours","female",2.2,NA,1,"2",1
"783","131","year 2 semester 1",3.2,"2 hours","female",2.2,NA,2,"1",2
"784","131","year 2 semester 2",3.1,"2 hours","female",2.2,NA,2,"2",3
"785","131","year 3 semester 1",3.4,"2 hours","female",2.2,NA,3,"1",4
"786","131","year 3 semester 2",3.7,"2 hours","female",2.2,NA,3,"2",5
"787","132","year 1 semester 1",2.2,"3 hours","male",2.7,"no",1,"1",0
"788","132","year 1 semester 2",2.7,"2 hours","male",2.7,"no",1,"2",1
"789","132","year 2 semester 1",3.4,"2 hours","male",2.7,"no",2,"1",2
"790","132","year 2 semester 2",3,"2 hours","male",2.7,"no",2,"2",3
"791","132","year 3 semester 1",3.3,"2 hours","male",2.7,"no",3,"1",4
"792","132","year 3 semester 2",3.7,"2 hours","male",2.7,"no",3,"2",5
"793","133","year 1 semester 1",2.5,"2 hours","male",2,"no",1,"1",0
"794","133","year 1 semester 2",2.8,"2 hours","male",2,"no",1,"2",1
"795","133","year 2 semester 1",2.3,"2 hours","male",2,"no",2,"1",2
"796","133","year 2 semester 2",2.1,"2 hours","male",2,"no",2,"2",3
"797","133","year 3 semester 1",2.3,"2 hours","male",2,"no",3,"1",4
"798","133","year 3 semester 2",2.5,"2 hours","male",2,"no",3,"2",5
"799","134","year 1 semester 1",2.5,"2 hours","female",2.8,"yes",1,"1",0
"800","134","year 1 semester 2",3.1,"2 hours","female",2.8,"yes",1,"2",1
"801","134","year 2 semester 1",2.8,"2 hours","female",2.8,"yes",2,"1",2
"802","134","year 2 semester 2",2.8,"2 hours","female",2.8,"yes",2,"2",3
"803","134","year 3 semester 1",2.9,"3 hours","female",2.8,"yes",3,"1",4
"804","134","year 3 semester 2",3.2,"2 hours","female",2.8,"yes",3,"2",5
"805","135","year 1 semester 1",3,"2 hours","female",2.3,NA,1,"1",0
"806","135","year 1 semester 2",2.7,"3 hours","female",2.3,NA,1,"2",1
"807","135","year 2 semester 1",3,"2 hours","female",2.3,NA,2,"1",2
"808","135","year 2 semester 2",3.1,"2 hours","female",2.3,NA,2,"2",3
"809","135","year 3 semester 1",3,"2 hours","female",2.3,NA,3,"1",4
"810","135","year 3 semester 2",3,"2 hours","female",2.3,NA,3,"2",5
"811","136","year 1 semester 1",2.8,"2 hours","female",2,"yes",1,"1",0
"812","136","year 1 semester 2",2.5,"2 hours","female",2,"yes",1,"2",1
"813","136","year 2 semester 1",2.8,"3 hours","female",2,"yes",2,"1",2
"814","136","year 2 semester 2",2.4,"2 hours","female",2,"yes",2,"2",3
"815","136","year 3 semester 1",2.8,"2 hours","female",2,"yes",3,"1",4
"816","136","year 3 semester 2",2.7,"3 hours","female",2,"yes",3,"2",5
"817","137","year 1 semester 1",2.8,"2 hours","male",2,"yes",1,"1",0
"818","137","year 1 semester 2",2.1,"2 hours","male",2,"yes",1,"2",1
"819","137","year 2 semester 1",2.7,"2 hours","male",2,"yes",2,"1",2
"820","137","year 2 semester 2",2.8,"2 hours","male",2,"yes",2,"2",3
"821","137","year 3 semester 1",3.1,"2 hours","male",2,"yes",3,"1",4
"822","137","year 3 semester 2",3,"2 hours","male",2,"yes",3,"2",5
"823","138","year 1 semester 1",2.5,"2 hours","female",3.3,"yes",1,"1",0
"824","138","year 1 semester 2",2.8,"2 hours","female",3.3,"yes",1,"2",1
"825","138","year 2 semester 1",2.7,"2 hours","female",3.3,"yes",2,"1",2
"826","138","year 2 semester 2",2.7,"2 hours","female",3.3,"yes",2,"2",3
"827","138","year 3 semester 1",2.9,"2 hours","female",3.3,"yes",3,"1",4
"828","138","year 3 semester 2",3.1,"2 hours","female",3.3,"yes",3,"2",5
"829","139","year 1 semester 1",2.5,"2 hours","female",3.9,NA,1,"1",0
"830","139","year 1 semester 2",3.1,"2 hours","female",3.9,NA,1,"2",1
"831","139","year 2 semester 1",3,"2 hours","female",3.9,NA,2,"1",2
"832","139","year 2 semester 2",3.3,"2 hours","female",3.9,NA,2,"2",3
"833","139","year 3 semester 1",3.3,"1 hour","female",3.9,NA,3,"1",4
"834","139","year 3 semester 2",3.4,"2 hours","female",3.9,NA,3,"2",5
"835","140","year 1 semester 1",2.5,"2 hours","male",2.8,"no",1,"1",0
"836","140","year 1 semester 2",2.9,"2 hours","male",2.8,"no",1,"2",1
"837","140","year 2 semester 1",2.6,"2 hours","male",2.8,"no",2,"1",2
"838","140","year 2 semester 2",2.6,"2 hours","male",2.8,"no",2,"2",3
"839","140","year 3 semester 1",2.9,"2 hours","male",2.8,"no",3,"1",4
"840","140","year 3 semester 2",2.8,"3 hours","male",2.8,"no",3,"2",5
"841","141","year 1 semester 1",2.7,"2 hours","female",2.1,NA,1,"1",0
"842","141","year 1 semester 2",3.1,"2 hours","female",2.1,NA,1,"2",1
"843","141","year 2 semester 1",3.1,"2 hours","female",2.1,NA,2,"1",2
"844","141","year 2 semester 2",3.1,"2 hours","female",2.1,NA,2,"2",3
"845","141","year 3 semester 1",3.4,"2 hours","female",2.1,NA,3,"1",4
"846","141","year 3 semester 2",3.1,"2 hours","female",2.1,NA,3,"2",5
"847","142","year 1 semester 1",2.8,"2 hours","female",2.9,"yes",1,"1",0
"848","142","year 1 semester 2",2.9,"3 hours","female",2.9,"yes",1,"2",1
"849","142","year 2 semester 1",3.1,"2 hours","female",2.9,"yes",2,"1",2
"850","142","year 2 semester 2",3,"2 hours","female",2.9,"yes",2,"2",3
"851","142","year 3 semester 1",3.1,"2 hours","female",2.9,"yes",3,"1",4
"852","142","year 3 semester 2",2.9,"3 hours","female",2.9,"yes",3,"2",5
"853","143","year 1 semester 1",2.9,"3 hours","female",3.1,NA,1,"1",0
"854","143","year 1 semester 2",2.7,"3 hours","female",3.1,NA,1,"2",1
"855","143","year 2 semester 1",2.4,"2 hours","female",3.1,NA,2,"1",2
"856","143","year 2 semester 2",2.9,"2 hours","female",3.1,NA,2,"2",3
"857","143","year 3 semester 1",3,"2 hours","female",3.1,NA,3,"1",4
"858","143","year 3 semester 2",3,"1 hour","female",3.1,NA,3,"2",5
"859","144","year 1 semester 1",2.5,"2 hours","female",3.6,"yes",1,"1",0
"860","144","year 1 semester 2",3,"2 hours","female",3.6,"yes",1,"2",1
"861","144","year 2 semester 1",2.9,"2 hours","female",3.6,"yes",2,"1",2
"862","144","year 2 semester 2",3,"2 hours","female",3.6,"yes",2,"2",3
"863","144","year 3 semester 1",3,"2 hours","female",3.6,"yes",3,"1",4
"864","144","year 3 semester 2",3.4,"2 hours","female",3.6,"yes",3,"2",5
"865","145","year 1 semester 1",2.4,"2 hours","female",2.8,"no",1,"1",0
"866","145","year 1 semester 2",2.5,"2 hours","female",2.8,"no",1,"2",1
"867","145","year 2 semester 1",2.8,"2 hours","female",2.8,"no",2,"1",2
"868","145","year 2 semester 2",2.9,"3 hours","female",2.8,"no",2,"2",3
"869","145","year 3 semester 1",2.9,"3 hours","female",2.8,"no",3,"1",4
"870","145","year 3 semester 2",3.2,"2 hours","female",2.8,"no",3,"2",5
"871","146","year 1 semester 1",2.6,"3 hours","female",3.4,"no",1,"1",0
"872","146","year 1 semester 2",2.4,"2 hours","female",3.4,"no",1,"2",1
"873","146","year 2 semester 1",2.3,"2 hours","female",3.4,"no",2,"1",2
"874","146","year 2 semester 2",2.5,"2 hours","female",3.4,"no",2,"2",3
"875","146","year 3 semester 1",2.5,"2 hours","female",3.4,"no",3,"1",4
"876","146","year 3 semester 2",2.9,"3 hours","female",3.4,"no",3,"2",5
"877","147","year 1 semester 1",2.6,"2 hours","male",3.4,NA,1,"1",0
"878","147","year 1 semester 2",2.9,"2 hours","male",3.4,NA,1,"2",1
"879","147","year 2 semester 1",3.4,"2 hours","male",3.4,NA,2,"1",2
"880","147","year 2 semester 2",3.5,"2 hours","male",3.4,NA,2,"2",3
"881","147","year 3 semester 1",3.6,"2 hours","male",3.4,NA,3,"1",4
"882","147","year 3 semester 2",3.9,"1 hour","male",3.4,NA,3,"2",5
"883","148","year 1 semester 1",2.5,"2 hours","male",3.1,"no",1,"1",0
"884","148","year 1 semester 2",3,"2 hours","male",3.1,"no",1,"2",1
"885","148","year 2 semester 1",2.5,"2 hours","male",3.1,"no",2,"1",2
"886","148","year 2 semester 2",2.6,"2 hours","male",3.1,"no",2,"2",3
"887","148","year 3 semester 1",2.8,"3 hours","male",3.1,"no",3,"1",4
"888","148","year 3 semester 2",2.8,"3 hours","male",3.1,"no",3,"2",5
"889","149","year 1 semester 1",2.7,"3 hours","female",2.4,"no",1,"1",0
"890","149","year 1 semester 2",2.7,"2 hours","female",2.4,"no",1,"2",1
"891","149","year 2 semester 1",2.4,"2 hours","female",2.4,"no",2,"1",2
"892","149","year 2 semester 2",2.9,"2 hours","female",2.4,"no",2,"2",3
"893","149","year 3 semester 1",3,"1 hour","female",2.4,"no",3,"1",4
"894","149","year 3 semester 2",3.1,"2 hours","female",2.4,"no",3,"2",5
"895","150","year 1 semester 1",2.7,"2 hours","male",2.7,"no",1,"1",0
"896","150","year 1 semester 2",2.8,"3 hours","male",2.7,"no",1,"2",1
"897","150","year 2 semester 1",2.4,"2 hours","male",2.7,"no",2,"1",2
"898","150","year 2 semester 2",2.4,"2 hours","male",2.7,"no",2,"2",3
"899","150","year 3 semester 1",2.6,"3 hours","male",2.7,"no",3,"1",4
"900","150","year 3 semester 2",2.7,"3 hours","male",2.7,"no",3,"2",5
"901","151","year 1 semester 1",2.4,"2 hours","female",2.2,"no",1,"1",0
"902","151","year 1 semester 2",2.5,"2 hours","female",2.2,"no",1,"2",1
"903","151","year 2 semester 1",2.5,"2 hours","female",2.2,"no",2,"1",2
"904","151","year 2 semester 2",2.9,"2 hours","female",2.2,"no",2,"2",3
"905","151","year 3 semester 1",2.7,"2 hours","female",2.2,"no",3,"1",4
"906","151","year 3 semester 2",2.9,"2 hours","female",2.2,"no",3,"2",5
"907","152","year 1 semester 1",2.4,"2 hours","male",3.8,"yes",1,"1",0
"908","152","year 1 semester 2",2.9,"2 hours","male",3.8,"yes",1,"2",1
"909","152","year 2 semester 1",2.7,"3 hours","male",3.8,"yes",2,"1",2
"910","152","year 2 semester 2",2.7,"3 hours","male",3.8,"yes",2,"2",3
"911","152","year 3 semester 1",2.8,"2 hours","male",3.8,"yes",3,"1",4
"912","152","year 3 semester 2",2.9,"2 hours","male",3.8,"yes",3,"2",5
"913","153","year 1 semester 1",2.5,"2 hours","female",2.5,"no",1,"1",0
"914","153","year 1 semester 2",3,"2 hours","female",2.5,"no",1,"2",1
"915","153","year 2 semester 1",2.7,"2 hours","female",2.5,"no",2,"1",2
"916","153","year 2 semester 2",2.8,"2 hours","female",2.5,"no",2,"2",3
"917","153","year 3 semester 1",3,"2 hours","female",2.5,"no",3,"1",4
"918","153","year 3 semester 2",3,"2 hours","female",2.5,"no",3,"2",5
"919","154","year 1 semester 1",2.6,"2 hours","male",2.9,NA,1,"1",0
"920","154","year 1 semester 2",2.7,"2 hours","male",2.9,NA,1,"2",1
"921","154","year 2 semester 1",3.2,"2 hours","male",2.9,NA,2,"1",2
"922","154","year 2 semester 2",3.3,"2 hours","male",2.9,NA,2,"2",3
"923","154","year 3 semester 1",3.4,"2 hours","male",2.9,NA,3,"1",4
"924","154","year 3 semester 2",3.5,"1 hour","male",2.9,NA,3,"2",5
"925","155","year 1 semester 1",2.7,"2 hours","male",2.9,"no",1,"1",0
"926","155","year 1 semester 2",3.1,"2 hours","male",2.9,"no",1,"2",1
"927","155","year 2 semester 1",2.5,"2 hours","male",2.9,"no",2,"1",2
"928","155","year 2 semester 2",2.7,"2 hours","male",2.9,"no",2,"2",3
"929","155","year 3 semester 1",2.7,"3 hours","male",2.9,"no",3,"1",4
"930","155","year 3 semester 2",2.9,"3 hours","male",2.9,"no",3,"2",5
"931","156","year 1 semester 1",2.6,"2 hours","male",3.9,"no",1,"1",0
"932","156","year 1 semester 2",2.7,"2 hours","male",3.9,"no",1,"2",1
"933","156","year 2 semester 1",2.7,"2 hours","male",3.9,"no",2,"1",2
"934","156","year 2 semester 2",3,"2 hours","male",3.9,"no",2,"2",3
"935","156","year 3 semester 1",2.8,"2 hours","male",3.9,"no",3,"1",4
"936","156","year 3 semester 2",2.8,"3 hours","male",3.9,"no",3,"2",5
"937","157","year 1 semester 1",3.3,"2 hours","female",2.1,NA,1,"1",0
"938","157","year 1 semester 2",3,"2 hours","female",2.1,NA,1,"2",1
"939","157","year 2 semester 1",3.1,"2 hours","female",2.1,NA,2,"1",2
"940","157","year 2 semester 2",3.3,"2 hours","female",2.1,NA,2,"2",3
"941","157","year 3 semester 1",3.4,"2 hours","female",2.1,NA,3,"1",4
"942","157","year 3 semester 2",3.4,"2 hours","female",2.1,NA,3,"2",5
"943","158","year 1 semester 1",3,"2 hours","female",2.6,"no",1,"1",0
"944","158","year 1 semester 2",2.8,"2 hours","female",2.6,"no",1,"2",1
"945","158","year 2 semester 1",2.9,"2 hours","female",2.6,"no",2,"1",2
"946","158","year 2 semester 2",2.7,"2 hours","female",2.6,"no",2,"2",3
"947","158","year 3 semester 1",2.8,"2 hours","female",2.6,"no",3,"1",4
"948","158","year 3 semester 2",2.8,"3 hours","female",2.6,"no",3,"2",5
"949","159","year 1 semester 1",3,"2 hours","female",3.1,NA,1,"1",0
"950","159","year 1 semester 2",3,"2 hours","female",3.1,NA,1,"2",1
"951","159","year 2 semester 1",3.1,"2 hours","female",3.1,NA,2,"1",2
"952","159","year 2 semester 2",3.4,"2 hours","female",3.1,NA,2,"2",3
"953","159","year 3 semester 1",3.8,"2 hours","female",3.1,NA,3,"1",4
"954","159","year 3 semester 2",4,"1 hour","female",3.1,NA,3,"2",5
"955","160","year 1 semester 1",2.9,"2 hours","female",3.4,NA,1,"1",0
"956","160","year 1 semester 2",2.7,"2 hours","female",3.4,NA,1,"2",1
"957","160","year 2 semester 1",3.2,"2 hours","female",3.4,NA,2,"1",2
"958","160","year 2 semester 2",3.4,"2 hours","female",3.4,NA,2,"2",3
"959","160","year 3 semester 1",3.7,"2 hours","female",3.4,NA,3,"1",4
"960","160","year 3 semester 2",3.8,"2 hours","female",3.4,NA,3,"2",5
"961","161","year 1 semester 1",2.6,"2 hours","male",3.1,"yes",1,"1",0
"962","161","year 1 semester 2",2.5,"2 hours","male",3.1,"yes",1,"2",1
"963","161","year 2 semester 1",2.7,"3 hours","male",3.1,"yes",2,"1",2
"964","161","year 2 semester 2",2.8,"2 hours","male",3.1,"yes",2,"2",3
"965","161","year 3 semester 1",2.8,"3 hours","male",3.1,"yes",3,"1",4
"966","161","year 3 semester 2",3.1,"2 hours","male",3.1,"yes",3,"2",5
"967","162","year 1 semester 1",1.7,"3 hours","female",2.7,"no",1,"1",0
"968","162","year 1 semester 2",2.5,"2 hours","female",2.7,"no",1,"2",1
"969","162","year 2 semester 1",2.2,"2 hours","female",2.7,"no",2,"1",2
"970","162","year 2 semester 2",2.7,"2 hours","female",2.7,"no",2,"2",3
"971","162","year 3 semester 1",2.6,"3 hours","female",2.7,"no",3,"1",4
"972","162","year 3 semester 2",2.5,"2 hours","female",2.7,"no",3,"2",5
"973","163","year 1 semester 1",2.2,"3 hours","female",3,NA,1,"1",0
"974","163","year 1 semester 2",2.5,"3 hours","female",3,NA,1,"2",1
"975","163","year 2 semester 1",2.9,"2 hours","female",3,NA,2,"1",2
"976","163","year 2 semester 2",2.9,"2 hours","female",3,NA,2,"2",3
"977","163","year 3 semester 1",3.2,"1 hour","female",3,NA,3,"1",4
"978","163","year 3 semester 2",3.2,"2 hours","female",3,NA,3,"2",5
"979","164","year 1 semester 1",2.5,"3 hours","male",2.5,NA,1,"1",0
"980","164","year 1 semester 2",2.4,"3 hours","male",2.5,NA,1,"2",1
"981","164","year 2 semester 1",2.6,"2 hours","male",2.5,NA,2,"1",2
"982","164","year 2 semester 2",2.8,"2 hours","male",2.5,NA,2,"2",3
"983","164","year 3 semester 1",2.8,"2 hours","male",2.5,NA,3,"1",4
"984","164","year 3 semester 2",3.3,"2 hours","male",2.5,NA,3,"2",5
"985","165","year 1 semester 1",2.8,"2 hours","female",3.8,"no",1,"1",0
"986","165","year 1 semester 2",2.7,"2 hours","female",3.8,"no",1,"2",1
"987","165","year 2 semester 1",2.9,"3 hours","female",3.8,"no",2,"1",2
"988","165","year 2 semester 2",2.9,"2 hours","female",3.8,"no",2,"2",3
"989","165","year 3 semester 1",2.9,"2 hours","female",3.8,"no",3,"1",4
"990","165","year 3 semester 2",2.9,"2 hours","female",3.8,"no",3,"2",5
"991","166","year 1 semester 1",3,"2 hours","female",2.5,NA,1,"1",0
"992","166","year 1 semester 2",2.5,"2 hours","female",2.5,NA,1,"2",1
"993","166","year 2 semester 1",3.2,"2 hours","female",2.5,NA,2,"1",2
"994","166","year 2 semester 2",3.2,"2 hours","female",2.5,NA,2,"2",3
"995","166","year 3 semester 1",3.2,"2 hours","female",2.5,NA,3,"1",4
"996","166","year 3 semester 2",3.4,"2 hours","female",2.5,NA,3,"2",5
"997","167","year 1 semester 1",2.7,"2 hours","male",2.8,"yes",1,"1",0
"998","167","year 1 semester 2",2.9,"3 hours","male",2.8,"yes",1,"2",1
"999","167","year 2 semester 1",3.1,"1 hour","male",2.8,"yes",2,"1",2
"1000","167","year 2 semester 2",2.8,"3 hours","male",2.8,"yes",2,"2",3
"1001","167","year 3 semester 1",3.6,"1 hour","male",2.8,"yes",3,"1",4
"1002","167","year 3 semester 2",3.5,"2 hours","male",2.8,"yes",3,"2",5
"1003","168","year 1 semester 1",2.9,"2 hours","male",3.2,NA,1,"1",0
"1004","168","year 1 semester 2",2.9,"2 hours","male",3.2,NA,1,"2",1
"1005","168","year 2 semester 1",3,"2 hours","male",3.2,NA,2,"1",2
"1006","168","year 2 semester 2",3.3,"2 hours","male",3.2,NA,2,"2",3
"1007","168","year 3 semester 1",3.4,"2 hours","male",3.2,NA,3,"1",4
"1008","168","year 3 semester 2",3.5,"2 hours","male",3.2,NA,3,"2",5
"1009","169","year 1 semester 1",2.9,"2 hours","male",3.9,NA,1,"1",0
"1010","169","year 1 semester 2",2.7,"2 hours","male",3.9,NA,1,"2",1
"1011","169","year 2 semester 1",3,"2 hours","male",3.9,NA,2,"1",2
"1012","169","year 2 semester 2",3.2,"2 hours","male",3.9,NA,2,"2",3
"1013","169","year 3 semester 1",3.6,"2 hours","male",3.9,NA,3,"1",4
"1014","169","year 3 semester 2",3.6,"2 hours","male",3.9,NA,3,"2",5
"1015","170","year 1 semester 1",2.4,"2 hours","male",2,"yes",1,"1",0
"1016","170","year 1 semester 2",3.1,"2 hours","male",2,"yes",1,"2",1
"1017","170","year 2 semester 1",3.2,"1 hour","male",2,"yes",2,"1",2
"1018","170","year 2 semester 2",3.7,"2 hours","male",2,"yes",2,"2",3
"1019","170","year 3 semester 1",3.6,"2 hours","male",2,"yes",3,"1",4
"1020","170","year 3 semester 2",3.9,"2 hours","male",2,"yes",3,"2",5
"1021","171","year 1 semester 1",2.3,"2 hours","male",2.7,"no",1,"1",0
"1022","171","year 1 semester 2",2.4,"2 hours","male",2.7,"no",1,"2",1
"1023","171","year 2 semester 1",2.7,"2 hours","male",2.7,"no",2,"1",2
"1024","171","year 2 semester 2",2.7,"3 hours","male",2.7,"no",2,"2",3
"1025","171","year 3 semester 1",2.5,"2 hours","male",2.7,"no",3,"1",4
"1026","171","year 3 semester 2",2.6,"3 hours","male",2.7,"no",3,"2",5
"1027","172","year 1 semester 1",2.7,"2 hours","female",3.4,"yes",1,"1",0
"1028","172","year 1 semester 2",2.8,"3 hours","female",3.4,"yes",1,"2",1
"1029","172","year 2 semester 1",3,"2 hours","female",3.4,"yes",2,"1",2
"1030","172","year 2 semester 2",2.4,"2 hours","female",3.4,"yes",2,"2",3
"1031","172","year 3 semester 1",2.8,"2 hours","female",3.4,"yes",3,"1",4
"1032","172","year 3 semester 2",3.2,"2 hours","female",3.4,"yes",3,"2",5
"1033","173","year 1 semester 1",2.2,"2 hours","female",3.7,"yes",1,"1",0
"1034","173","year 1 semester 2",3.1,"2 hours","female",3.7,"yes",1,"2",1
"1035","173","year 2 semester 1",3,"2 hours","female",3.7,"yes",2,"1",2
"1036","173","year 2 semester 2",3.4,"2 hours","female",3.7,"yes",2,"2",3
"1037","173","year 3 semester 1",3.7,"2 hours","female",3.7,"yes",3,"1",4
"1038","173","year 3 semester 2",3.6,"2 hours","female",3.7,"yes",3,"2",5
"1039","174","year 1 semester 1",2.8,"2 hours","female",3.2,NA,1,"1",0
"1040","174","year 1 semester 2",2.7,"2 hours","female",3.2,NA,1,"2",1
"1041","174","year 2 semester 1",2.9,"3 hours","female",3.2,NA,2,"1",2
"1042","174","year 2 semester 2",3.2,"2 hours","female",3.2,NA,2,"2",3
"1043","174","year 3 semester 1",3,"1 hour","female",3.2,NA,3,"1",4
"1044","174","year 3 semester 2",3.4,"2 hours","female",3.2,NA,3,"2",5
"1045","175","year 1 semester 1",2.3,"2 hours","male",3.7,NA,1,"1",0
"1046","175","year 1 semester 2",2.9,"2 hours","male",3.7,NA,1,"2",1
"1047","175","year 2 semester 1",3.1,"2 hours","male",3.7,NA,2,"1",2
"1048","175","year 2 semester 2",2.8,"2 hours","male",3.7,NA,2,"2",3
"1049","175","year 3 semester 1",3.4,"1 hour","male",3.7,NA,3,"1",4
"1050","175","year 3 semester 2",3.3,"1 hour","male",3.7,NA,3,"2",5
"1051","176","year 1 semester 1",2.9,"2 hours","male",3.7,"no",1,"1",0
"1052","176","year 1 semester 2",2.7,"2 hours","male",3.7,"no",1,"2",1
"1053","176","year 2 semester 1",2.8,"2 hours","male",3.7,"no",2,"1",2
"1054","176","year 2 semester 2",2.7,"2 hours","male",3.7,"no",2,"2",3
"1055","176","year 3 semester 1",2.6,"2 hours","male",3.7,"no",3,"1",4
"1056","176","year 3 semester 2",2.9,"3 hours","male",3.7,"no",3,"2",5
"1057","177","year 1 semester 1",2.9,"2 hours","male",3.9,NA,1,"1",0
"1058","177","year 1 semester 2",3,"2 hours","male",3.9,NA,1,"2",1
"1059","177","year 2 semester 1",3.1,"1 hour","male",3.9,NA,2,"1",2
"1060","177","year 2 semester 2",2.8,"2 hours","male",3.9,NA,2,"2",3
"1061","177","year 3 semester 1",3.3,"2 hours","male",3.9,NA,3,"1",4
"1062","177","year 3 semester 2",3.4,"1 hour","male",3.9,NA,3,"2",5
"1063","178","year 1 semester 1",2.8,"2 hours","male",3.5,"yes",1,"1",0
"1064","178","year 1 semester 2",2.9,"2 hours","male",3.5,"yes",1,"2",1
"1065","178","year 2 semester 1",2.8,"2 hours","male",3.5,"yes",2,"1",2
"1066","178","year 2 semester 2",3,"2 hours","male",3.5,"yes",2,"2",3
"1067","178","year 3 semester 1",2.9,"2 hours","male",3.5,"yes",3,"1",4
"1068","178","year 3 semester 2",2.9,"2 hours","male",3.5,"yes",3,"2",5
"1069","179","year 1 semester 1",2.7,"3 hours","female",2.8,"yes",1,"1",0
"1070","179","year 1 semester 2",3.4,"2 hours","female",2.8,"yes",1,"2",1
"1071","179","year 2 semester 1",2.5,"2 hours","female",2.8,"yes",2,"1",2
"1072","179","year 2 semester 2",2.8,"2 hours","female",2.8,"yes",2,"2",3
"1073","179","year 3 semester 1",2.9,"3 hours","female",2.8,"yes",3,"1",4
"1074","179","year 3 semester 2",3.2,"2 hours","female",2.8,"yes",3,"2",5
"1075","180","year 1 semester 1",2.9,"2 hours","male",2.3,"no",1,"1",0
"1076","180","year 1 semester 2",2.5,"2 hours","male",2.3,"no",1,"2",1
"1077","180","year 2 semester 1",2.5,"3 hours","male",2.3,"no",2,"1",2
"1078","180","year 2 semester 2",2.5,"2 hours","male",2.3,"no",2,"2",3
"1079","180","year 3 semester 1",2.6,"3 hours","male",2.3,"no",3,"1",4
"1080","180","year 3 semester 2",2.6,"2 hours","male",2.3,"no",3,"2",5
"1081","181","year 1 semester 1",2.3,"2 hours","male",3.2,"yes",1,"1",0
"1082","181","year 1 semester 2",2.4,"2 hours","male",3.2,"yes",1,"2",1
"1083","181","year 2 semester 1",2.2,"2 hours","male",3.2,"yes",2,"1",2
"1084","181","year 2 semester 2",2.6,"3 hours","male",3.2,"yes",2,"2",3
"1085","181","year 3 semester 1",2.6,"3 hours","male",3.2,"yes",3,"1",4
"1086","181","year 3 semester 2",2.7,"2 hours","male",3.2,"yes",3,"2",5
"1087","182","year 1 semester 1",2.7,"2 hours","female",3.7,"yes",1,"1",0
"1088","182","year 1 semester 2",3.2,"2 hours","female",3.7,"yes",1,"2",1
"1089","182","year 2 semester 1",3.1,"2 hours","female",3.7,"yes",2,"1",2
"1090","182","year 2 semester 2",3.1,"1 hour","female",3.7,"yes",2,"2",3
"1091","182","year 3 semester 1",3.3,"2 hours","female",3.7,"yes",3,"1",4
"1092","182","year 3 semester 2",3.3,"2 hours","female",3.7,"yes",3,"2",5
"1093","183","year 1 semester 1",2.7,"2 hours","male",3,"no",1,"1",0
"1094","183","year 1 semester 2",2.5,"3 hours","male",3,"no",1,"2",1
"1095","183","year 2 semester 1",2.7,"2 hours","male",3,"no",2,"1",2
"1096","183","year 2 semester 2",2.3,"2 hours","male",3,"no",2,"2",3
"1097","183","year 3 semester 1",2.6,"2 hours","male",3,"no",3,"1",4
"1098","183","year 3 semester 2",2.6,"2 hours","male",3,"no",3,"2",5
"1099","184","year 1 semester 1",2.3,"3 hours","female",4,NA,1,"1",0
"1100","184","year 1 semester 2",2.8,"2 hours","female",4,NA,1,"2",1
"1101","184","year 2 semester 1",2.8,"2 hours","female",4,NA,2,"1",2
"1102","184","year 2 semester 2",3,"2 hours","female",4,NA,2,"2",3
"1103","184","year 3 semester 1",3.1,"1 hour","female",4,NA,3,"1",4
"1104","184","year 3 semester 2",3.3,"2 hours","female",4,NA,3,"2",5
"1105","185","year 1 semester 1",2.6,"3 hours","female",3.7,"yes",1,"1",0
"1106","185","year 1 semester 2",3.1,"2 hours","female",3.7,"yes",1,"2",1
"1107","185","year 2 semester 1",3,"2 hours","female",3.7,"yes",2,"1",2
"1108","185","year 2 semester 2",3,"2 hours","female",3.7,"yes",2,"2",3
"1109","185","year 3 semester 1",3.2,"2 hours","female",3.7,"yes",3,"1",4
"1110","185","year 3 semester 2",2.9,"3 hours","female",3.7,"yes",3,"2",5
"1111","186","year 1 semester 1",2.2,"2 hours","female",3.4,"yes",1,"1",0
"1112","186","year 1 semester 2",2.4,"3 hours","female",3.4,"yes",1,"2",1
"1113","186","year 2 semester 1",3,"2 hours","female",3.4,"yes",2,"1",2
"1114","186","year 2 semester 2",2.9,"2 hours","female",3.4,"yes",2,"2",3
"1115","186","year 3 semester 1",3.2,"2 hours","female",3.4,"yes",3,"1",4
"1116","186","year 3 semester 2",3.1,"2 hours","female",3.4,"yes",3,"2",5
"1117","187","year 1 semester 1",2.4,"2 hours","female",2.2,"yes",1,"1",0
"1118","187","year 1 semester 2",2.2,"2 hours","female",2.2,"yes",1,"2",1
"1119","187","year 2 semester 1",2.1,"2 hours","female",2.2,"yes",2,"1",2
"1120","187","year 2 semester 2",2.4,"2 hours","female",2.2,"yes",2,"2",3
"1121","187","year 3 semester 1",2.8,"3 hours","female",2.2,"yes",3,"1",4
"1122","187","year 3 semester 2",2.8,"3 hours","female",2.2,"yes",3,"2",5
"1123","188","year 1 semester 1",2.3,"2 hours","female",2.1,"yes",1,"1",0
"1124","188","year 1 semester 2",2.7,"2 hours","female",2.1,"yes",1,"2",1
"1125","188","year 2 semester 1",3.3,"2 hours","female",2.1,"yes",2,"1",2
"1126","188","year 2 semester 2",3.2,"2 hours","female",2.1,"yes",2,"2",3
"1127","188","year 3 semester 1",3.1,"2 hours","female",2.1,"yes",3,"1",4
"1128","188","year 3 semester 2",3.6,"2 hours","female",2.1,"yes",3,"2",5
"1129","189","year 1 semester 1",3.3,"2 hours","male",2.6,NA,1,"1",0
"1130","189","year 1 semester 2",3.3,"2 hours","male",2.6,NA,1,"2",1
"1131","189","year 2 semester 1",2.8,"3 hours","male",2.6,NA,2,"1",2
"1132","189","year 2 semester 2",3,"2 hours","male",2.6,NA,2,"2",3
"1133","189","year 3 semester 1",3.1,"2 hours","male",2.6,NA,3,"1",4
"1134","189","year 3 semester 2",3.1,"2 hours","male",2.6,NA,3,"2",5
"1135","190","year 1 semester 1",1.7,"3 hours","male",3.9,"no",1,"1",0
"1136","190","year 1 semester 2",2.3,"2 hours","male",3.9,"no",1,"2",1
"1137","190","year 2 semester 1",2.7,"2 hours","male",3.9,"no",2,"1",2
"1138","190","year 2 semester 2",2.5,"2 hours","male",3.9,"no",2,"2",3
"1139","190","year 3 semester 1",2.6,"2 hours","male",3.9,"no",3,"1",4
"1140","190","year 3 semester 2",2.8,"3 hours","male",3.9,"no",3,"2",5
"1141","191","year 1 semester 1",2.4,"2 hours","female",2,"yes",1,"1",0
"1142","191","year 1 semester 2",2.8,"2 hours","female",2,"yes",1,"2",1
"1143","191","year 2 semester 1",2.8,"2 hours","female",2,"yes",2,"1",2
"1144","191","year 2 semester 2",3,"2 hours","female",2,"yes",2,"2",3
"1145","191","year 3 semester 1",3.1,"2 hours","female",2,"yes",3,"1",4
"1146","191","year 3 semester 2",2.9,"3 hours","female",2,"yes",3,"2",5
"1147","192","year 1 semester 1",2.9,"2 hours","female",2.9,"yes",1,"1",0
"1148","192","year 1 semester 2",3,"2 hours","female",2.9,"yes",1,"2",1
"1149","192","year 2 semester 1",2.4,"2 hours","female",2.9,"yes",2,"1",2
"1150","192","year 2 semester 2",2.9,"2 hours","female",2.9,"yes",2,"2",3
"1151","192","year 3 semester 1",2.8,"2 hours","female",2.9,"yes",3,"1",4
"1152","192","year 3 semester 2",2.9,"2 hours","female",2.9,"yes",3,"2",5
"1153","193","year 1 semester 1",3.1,"2 hours","male",3,NA,1,"1",0
"1154","193","year 1 semester 2",2.8,"3 hours","male",3,NA,1,"2",1
"1155","193","year 2 semester 1",2.7,"2 hours","male",3,NA,2,"1",2
"1156","193","year 2 semester 2",2.7,"3 hours","male",3,NA,2,"2",3
"1157","193","year 3 semester 1",2.9,"2 hours","male",3,NA,3,"1",4
"1158","193","year 3 semester 2",3.3,"2 hours","male",3,NA,3,"2",5
"1159","194","year 1 semester 1",2.4,"2 hours","male",2.2,"no",1,"1",0
"1160","194","year 1 semester 2",2.4,"3 hours","male",2.2,"no",1,"2",1
"1161","194","year 2 semester 1",2.6,"3 hours","male",2.2,"no",2,"1",2
"1162","194","year 2 semester 2",3.1,"2 hours","male",2.2,"no",2,"2",3
"1163","194","year 3 semester 1",3.4,"2 hours","male",2.2,"no",3,"1",4
"1164","194","year 3 semester 2",3.3,"2 hours","male",2.2,"no",3,"2",5
"1165","195","year 1 semester 1",2.4,"2 hours","male",2.5,"no",1,"1",0
"1166","195","year 1 semester 2",2.7,"2 hours","male",2.5,"no",1,"2",1
"1167","195","year 2 semester 1",2.2,"3 hours","male",2.5,"no",2,"1",2
"1168","195","year 2 semester 2",2.2,"2 hours","male",2.5,"no",2,"2",3
"1169","195","year 3 semester 1",2.4,"2 hours","male",2.5,"no",3,"1",4
"1170","195","year 3 semester 2",2.5,"2 hours","male",2.5,"no",3,"2",5
"1171","196","year 1 semester 1",2.2,"2 hours","female",3.5,NA,1,"1",0
"1172","196","year 1 semester 2",2.5,"2 hours","female",3.5,NA,1,"2",1
"1173","196","year 2 semester 1",2.7,"2 hours","female",3.5,NA,2,"1",2
"1174","196","year 2 semester 2",3.1,"2 hours","female",3.5,NA,2,"2",3
"1175","196","year 3 semester 1",3.3,"2 hours","female",3.5,NA,3,"1",4
"1176","196","year 3 semester 2",3.2,"2 hours","female",3.5,NA,3,"2",5
"1177","197","year 1 semester 1",2.9,"2 hours","female",2.1,NA,1,"1",0
"1178","197","year 1 semester 2",2.5,"2 hours","female",2.1,NA,1,"2",1
"1179","197","year 2 semester 1",2.8,"3 hours","female",2.1,NA,2,"1",2
"1180","197","year 2 semester 2",3.2,"2 hours","female",2.1,NA,2,"2",3
"1181","197","year 3 semester 1",3.3,"2 hours","female",2.1,NA,3,"1",4
"1182","197","year 3 semester 2",3.8,"2 hours","female",2.1,NA,3,"2",5
"1183","198","year 1 semester 1",2.5,"2 hours","male",4,NA,1,"1",0
"1184","198","year 1 semester 2",2.9,"2 hours","male",4,NA,1,"2",1
"1185","198","year 2 semester 1",3,"2 hours","male",4,NA,2,"1",2
"1186","198","year 2 semester 2",3.2,"2 hours","male",4,NA,2,"2",3
"1187","198","year 3 semester 1",3.3,"1 hour","male",4,NA,3,"1",4
"1188","198","year 3 semester 2",3.4,"2 hours","male",4,NA,3,"2",5
"1189","199","year 1 semester 1",2.6,"2 hours","female",2.3,"yes",1,"1",0
"1190","199","year 1 semester 2",2.3,"2 hours","female",2.3,"yes",1,"2",1
"1191","199","year 2 semester 1",2.7,"3 hours","female",2.3,"yes",2,"1",2
"1192","199","year 2 semester 2",2.7,"2 hours","female",2.3,"yes",2,"2",3
"1193","199","year 3 semester 1",2.8,"2 hours","female",2.3,"yes",3,"1",4
"1194","199","year 3 semester 2",2.8,"3 hours","female",2.3,"yes",3,"2",5
"1195","200","year 1 semester 1",2.8,"2 hours","male",3.4,NA,1,"1",0
"1196","200","year 1 semester 2",3.2,"2 hours","male",3.4,NA,1,"2",1
"1197","200","year 2 semester 1",3.4,"2 hours","male",3.4,NA,2,"1",2
"1198","200","year 2 semester 2",3.5,"2 hours","male",3.4,NA,2,"2",3
"1199","200","year 3 semester 1",3.3,"1 hour","male",3.4,NA,3,"1",4
"1200","200","year 3 semester 2",3.4,"1 hour","male",3.4,NA,3,"2",5
